index,name,equipment_category,weapon_category,weapon_range,category_range,cost/quantity,cost/unit,damage/dice_count,damage/dice_value,damage/damage_type/url,damage/damage_type/name,range/normal,range/long,weight,properties/0/url,properties/0/name,properties/1/url,properties/1/name,url,properties/2/url,properties/2/name,properties/3/url,properties/3/name,throw_range/normal,throw_range/long,2h_damage/dice_count,2h_damage/dice_value,2h_damage/damage_type/url,2h_damage/damage_type/name,special/0,armor_category,armor_class/base,armor_class/dex_bonus,armor_class/max_bonus,str_minimum,stealth_disadvantage,gear_category,desc/0,desc/1,desc/2,desc/3,desc/4,contents/0/item_url,contents/0/quantity,contents/1/item_url,contents/1/quantity,contents/2/item_url,contents/2/quantity,contents/3/item_url,contents/3/quantity,contents/4/item_url,contents/4/quantity,contents/5/item_url,contents/5/quantity,contents/6/item_url,contents/6/quantity,contents/7/item_url,contents/7/quantity,contents/8/item_url,contents/8/quantity,contents/9/item_url,contents/9/quantity,contents/10/item_url,contents/10/quantity,contents/11/item_url,contents/11/quantity,tool_category,vehicle_category,speed/quantity,speed/unit,capacity
1,Club,Weapon,Simple,Melee,Simple Melee,1,sp,1,4,http://www.dnd5eapi.co/api/damage-types/2,Bludgeoning,5,,2,http://www.dnd5eapi.co/api/weapon-properties/4,Light,http://www.dnd5eapi.co/api/weapon-properties/11,Monk,http://www.dnd5eapi.co/api/equipment/1,,,,,,,,,,,,,,,,,,,,,,,,,,,,,,,,,,,,,,,,,,,,,,,,,,,,
2,Dagger,Weapon,Simple,Melee,Simple Melee,2,gp,1,4,http://www.dnd5eapi.co/api/damage-types/8,Piercing,5,,1,http://www.dnd5eapi.co/api/weapon-properties/2,Finesse,http://www.dnd5eapi.co/api/weapon-properties/4,Light,http://www.dnd5eapi.co/api/equipment/2,http://www.dnd5eapi.co/api/weapon-properties/8,Thrown,http://www.dnd5eapi.co/api/weapon-properties/11,Monk,20,60,,,,,,,,,,,,,,,,,,,,,,,,,,,,,,,,,,,,,,,,,,,,,,
3,Greatclub,Weapon,Simple,Melee,Simple Melee,2,sp,1,8,http://www.dnd5eapi.co/api/damage-types/2,Bludgeoning,5,,10,http://www.dnd5eapi.co/api/weapon-properties/9,Two-Handed,,,http://www.dnd5eapi.co/api/equipment/3,,,,,,,,,,,,,,,,,,,,,,,,,,,,,,,,,,,,,,,,,,,,,,,,,,,,
4,Handaxe,Weapon,Simple,Melee,Simple Melee,5,gp,1,6,http://www.dnd5eapi.co/api/damage-types/12,Slashing,5,,2,http://www.dnd5eapi.co/api/weapon-properties/4,Light,http://www.dnd5eapi.co/api/weapon-properties/8,Thrown,http://www.dnd5eapi.co/api/equipment/4,http://www.dnd5eapi.co/api/weapon-properties/11,Monk,,,20,60,,,,,,,,,,,,,,,,,,,,,,,,,,,,,,,,,,,,,,,,,,,,,,
5,Javelin,Weapon,Simple,Melee,Simple Melee,5,sp,1,6,http://www.dnd5eapi.co/api/damage-types/8,Piercing,5,,2,http://www.dnd5eapi.co/api/weapon-properties/8,Thrown,http://www.dnd5eapi.co/api/weapon-properties/11,Monk,http://www.dnd5eapi.co/api/equipment/5,,,,,30,120,,,,,,,,,,,,,,,,,,,,,,,,,,,,,,,,,,,,,,,,,,,,,,
6,Light hammer,Weapon,Simple,Melee,Simple Melee,2,gp,1,4,http://www.dnd5eapi.co/api/damage-types/2,Bludgeoning,5,,2,http://www.dnd5eapi.co/api/weapon-properties/4,Light,http://www.dnd5eapi.co/api/weapon-properties/8,Thrown,http://www.dnd5eapi.co/api/equipment/6,http://www.dnd5eapi.co/api/weapon-properties/11,Monk,,,20,60,,,,,,,,,,,,,,,,,,,,,,,,,,,,,,,,,,,,,,,,,,,,,,
7,Mace,Weapon,Simple,Melee,Simple Melee,5,gp,1,6,http://www.dnd5eapi.co/api/damage-types/2,Bludgeoning,5,,4,http://www.dnd5eapi.co/api/weapon-properties/11,Monk,,,http://www.dnd5eapi.co/api/equipment/7,,,,,,,,,,,,,,,,,,,,,,,,,,,,,,,,,,,,,,,,,,,,,,,,,,,,
8,Quarterstaff,Weapon,Simple,Melee,Simple Melee,2,sp,1,6,http://www.dnd5eapi.co/api/damage-types/2,Bludgeoning,5,,4,http://www.dnd5eapi.co/api/weapon-properties/10,Versatile,http://www.dnd5eapi.co/api/weapon-properties/11,Monk,http://www.dnd5eapi.co/api/equipment/8,,,,,,,1,8,http://www.dnd5eapi.co/api/damage-types/2,Bludgeoning,,,,,,,,,,,,,,,,,,,,,,,,,,,,,,,,,,,,,,,,,,
9,Sickle,Weapon,Simple,Melee,Simple Melee,1,gp,1,4,http://www.dnd5eapi.co/api/damage-types/12,Slashing,5,,2,http://www.dnd5eapi.co/api/weapon-properties/4,Light,http://www.dnd5eapi.co/api/weapon-properties/11,Monk,http://www.dnd5eapi.co/api/equipment/9,,,,,,,,,,,,,,,,,,,,,,,,,,,,,,,,,,,,,,,,,,,,,,,,,,,,
10,Spear,Weapon,Simple,Melee,Simple Melee,1,gp,1,4,http://www.dnd5eapi.co/api/damage-types/8,Piercing,5,,3,http://www.dnd5eapi.co/api/weapon-properties/8,Thrown,http://www.dnd5eapi.co/api/weapon-properties/10,Versatile,http://www.dnd5eapi.co/api/equipment/10,http://www.dnd5eapi.co/api/weapon-properties/11,Monk,,,20,60,1,8,http://www.dnd5eapi.co/api/damage-types/8,Piercing,,,,,,,,,,,,,,,,,,,,,,,,,,,,,,,,,,,,,,,,,,
11,"Crossbow, light",Weapon,Simple,Ranged,Simple Ranged,25,gp,1,8,http://www.dnd5eapi.co/api/damage-types/8,Piercing,80,320,5,http://www.dnd5eapi.co/api/weapon-properties/1,Ammunition,http://www.dnd5eapi.co/api/weapon-properties/5,Loading,http://www.dnd5eapi.co/api/equipment/11,http://www.dnd5eapi.co/api/weapon-properties/9,Two-Handed,,,,,,,,,,,,,,,,,,,,,,,,,,,,,,,,,,,,,,,,,,,,,,,,,,
12,Dart,Weapon,Simple,Ranged,Simple Ranged,5,cp,1,4,http://www.dnd5eapi.co/api/damage-types/8,Piercing,20,60,0.25,http://www.dnd5eapi.co/api/weapon-properties/2,Finesse,http://www.dnd5eapi.co/api/weapon-properties/8,Thrown,http://www.dnd5eapi.co/api/equipment/12,,,,,20,60,,,,,,,,,,,,,,,,,,,,,,,,,,,,,,,,,,,,,,,,,,,,,,
13,Shortbow,Weapon,Simple,Ranged,Simple Ranged,25,gp,1,6,http://www.dnd5eapi.co/api/damage-types/8,Piercing,80,320,2,http://www.dnd5eapi.co/api/weapon-properties/1,Ammunition,http://www.dnd5eapi.co/api/weapon-properties/9,Two-Handed,http://www.dnd5eapi.co/api/equipment/13,,,,,,,,,,,,,,,,,,,,,,,,,,,,,,,,,,,,,,,,,,,,,,,,,,,,
14,Sling,Weapon,Simple,Ranged,Simple Ranged,1,sp,1,4,http://www.dnd5eapi.co/api/damage-types/2,Bludgeoning,30,120,0,http://www.dnd5eapi.co/api/weapon-properties/1,Ammunition,,,http://www.dnd5eapi.co/api/equipment/14,,,,,,,,,,,,,,,,,,,,,,,,,,,,,,,,,,,,,,,,,,,,,,,,,,,,
15,Battleaxe,Weapon,Martial,Melee,Martial Melee,10,gp,1,8,http://www.dnd5eapi.co/api/damage-types/12,Slashing,5,,4,http://www.dnd5eapi.co/api/weapon-properties/10,Versatile,,,http://www.dnd5eapi.co/api/equipment/15,,,,,,,1,10,http://www.dnd5eapi.co/api/damage-types/12,Slashing,,,,,,,,,,,,,,,,,,,,,,,,,,,,,,,,,,,,,,,,,,
16,Flail,Weapon,Martial,Melee,Martial Melee,10,gp,1,8,http://www.dnd5eapi.co/api/damage-types/2,Bludgeoning,5,,2,,,,,http://www.dnd5eapi.co/api/equipment/16,,,,,,,,,,,,,,,,,,,,,,,,,,,,,,,,,,,,,,,,,,,,,,,,,,,,
17,Glaive,Weapon,Martial,Melee,Martial Melee,20,gp,1,10,http://www.dnd5eapi.co/api/damage-types/12,Slashing,5,,6,http://www.dnd5eapi.co/api/weapon-properties/3,Heavy,http://www.dnd5eapi.co/api/weapon-properties/6,Reach,http://www.dnd5eapi.co/api/equipment/17,http://www.dnd5eapi.co/api/weapon-properties/9,Two-Handed,,,,,,,,,,,,,,,,,,,,,,,,,,,,,,,,,,,,,,,,,,,,,,,,,,
18,Greataxe,Weapon,Martial,Melee,Martial Melee,30,gp,1,12,http://www.dnd5eapi.co/api/damage-types/12,Slashing,5,,7,http://www.dnd5eapi.co/api/weapon-properties/3,Heavy,http://www.dnd5eapi.co/api/weapon-properties/9,Two-Handed,http://www.dnd5eapi.co/api/equipment/18,,,,,,,,,,,,,,,,,,,,,,,,,,,,,,,,,,,,,,,,,,,,,,,,,,,,
19,Greatsword,Weapon,Martial,Melee,Martial Melee,50,gp,2,6,http://www.dnd5eapi.co/api/damage-types/12,Slashing,5,,6,http://www.dnd5eapi.co/api/weapon-properties/3,Heavy,http://www.dnd5eapi.co/api/weapon-properties/9,Two-Handed,http://www.dnd5eapi.co/api/equipment/19,,,,,,,,,,,,,,,,,,,,,,,,,,,,,,,,,,,,,,,,,,,,,,,,,,,,
20,Halberd,Weapon,Martial,Melee,Martial Melee,20,gp,1,10,http://www.dnd5eapi.co/api/damage-types/12,Slashing,5,,6,http://www.dnd5eapi.co/api/weapon-properties/3,Heavy,http://www.dnd5eapi.co/api/weapon-properties/6,Reach,http://www.dnd5eapi.co/api/equipment/20,http://www.dnd5eapi.co/api/weapon-properties/9,Two-Handed,,,,,,,,,,,,,,,,,,,,,,,,,,,,,,,,,,,,,,,,,,,,,,,,,,
21,Lance,Weapon,Martial,Melee,Martial Melee,10,gp,1,12,http://www.dnd5eapi.co/api/damage-types/8,Piercing,5,,6,http://www.dnd5eapi.co/api/weapon-properties/6,Reach,http://www.dnd5eapi.co/api/weapon-properties/7,Special,http://www.dnd5eapi.co/api/equipment/21,,,,,,,,,,,"You have disadvantage when you use a lance to attack a target within 5 feet of you. Also, a lance requires two hands to wield when you aren't mounted.",,,,,,,,,,,,,,,,,,,,,,,,,,,,,,,,,,,,,,,,,
22,Longsword,Weapon,Martial,Melee,Martial Melee,15,gp,1,8,http://www.dnd5eapi.co/api/damage-types/12,Slashing,5,,3,http://www.dnd5eapi.co/api/weapon-properties/10,Versatile,,,http://www.dnd5eapi.co/api/equipment/22,,,,,,,1,10,http://www.dnd5eapi.co/api/damage-types/12,Slashing,,,,,,,,,,,,,,,,,,,,,,,,,,,,,,,,,,,,,,,,,,
23,Maul,Weapon,Martial,Melee,Martial Melee,10,gp,2,6,http://www.dnd5eapi.co/api/damage-types/2,Bludgeoning,5,,10,http://www.dnd5eapi.co/api/weapon-properties/3,Heavy,http://www.dnd5eapi.co/api/weapon-properties/9,Two-Handed,http://www.dnd5eapi.co/api/equipment/23,,,,,,,,,,,,,,,,,,,,,,,,,,,,,,,,,,,,,,,,,,,,,,,,,,,,
24,Morningstar,Weapon,Martial,Melee,Martial Melee,15,gp,1,8,http://www.dnd5eapi.co/api/damage-types/8,Piercing,5,,4,,,,,http://www.dnd5eapi.co/api/equipment/24,,,,,,,,,,,,,,,,,,,,,,,,,,,,,,,,,,,,,,,,,,,,,,,,,,,,
25,Pike,Weapon,Martial,Melee,Martial Melee,5,gp,1,10,http://www.dnd5eapi.co/api/damage-types/8,Piercing,5,,18,http://www.dnd5eapi.co/api/weapon-properties/3,Heavy,http://www.dnd5eapi.co/api/weapon-properties/6,Reach,http://www.dnd5eapi.co/api/equipment/25,http://www.dnd5eapi.co/api/weapon-properties/9,Two-Handed,,,,,,,,,,,,,,,,,,,,,,,,,,,,,,,,,,,,,,,,,,,,,,,,,,
26,Rapier,Weapon,Martial,Melee,Martial Melee,25,gp,1,8,http://www.dnd5eapi.co/api/damage-types/8,Piercing,5,,2,http://www.dnd5eapi.co/api/weapon-properties/2,Finesse,,,http://www.dnd5eapi.co/api/equipment/26,,,,,,,,,,,,,,,,,,,,,,,,,,,,,,,,,,,,,,,,,,,,,,,,,,,,
27,Scimitar,Weapon,Martial,Melee,Martial Melee,25,gp,1,6,http://www.dnd5eapi.co/api/damage-types/12,Slashing,5,,3,http://www.dnd5eapi.co/api/weapon-properties/2,Finesse,http://www.dnd5eapi.co/api/weapon-properties/4,Light,http://www.dnd5eapi.co/api/equipment/27,,,,,,,,,,,,,,,,,,,,,,,,,,,,,,,,,,,,,,,,,,,,,,,,,,,,
28,Shortsword,Weapon,Martial,Melee,Martial Melee,10,gp,1,6,http://www.dnd5eapi.co/api/damage-types/8,Piercing,5,,2,http://www.dnd5eapi.co/api/weapon-properties/2,Finesse,http://www.dnd5eapi.co/api/weapon-properties/4,Light,http://www.dnd5eapi.co/api/equipment/28,http://www.dnd5eapi.co/api/weapon-properties/11,Monk,,,,,,,,,,,,,,,,,,,,,,,,,,,,,,,,,,,,,,,,,,,,,,,,,,
29,Trident,Weapon,Martial,Melee,Martial Melee,5,gp,1,6,http://www.dnd5eapi.co/api/damage-types/12,Slashing,5,,4,http://www.dnd5eapi.co/api/weapon-properties/8,Thrown,http://www.dnd5eapi.co/api/weapon-properties/10,Versatile,http://www.dnd5eapi.co/api/equipment/29,,,,,20,60,,,,,,,,,,,,,,,,,,,,,,,,,,,,,,,,,,,,,,,,,,,,,,
30,War pick,Weapon,Martial,Melee,Martial Melee,5,gp,1,8,http://www.dnd5eapi.co/api/damage-types/8,Piercing,5,,2,,,,,http://www.dnd5eapi.co/api/equipment/30,,,,,,,,,,,,,,,,,,,,,,,,,,,,,,,,,,,,,,,,,,,,,,,,,,,,
31,Warhammer,Weapon,Martial,Melee,Martial Melee,15,gp,1,8,http://www.dnd5eapi.co/api/damage-types/2,Bludgeoning,5,,2,http://www.dnd5eapi.co/api/weapon-properties/10,Versatile,,,http://www.dnd5eapi.co/api/equipment/31,,,,,,,1,10,http://www.dnd5eapi.co/api/damage-types/2,Bludgeoning,,,,,,,,,,,,,,,,,,,,,,,,,,,,,,,,,,,,,,,,,,
32,Whip,Weapon,Martial,Melee,Martial Melee,2,gp,1,4,http://www.dnd5eapi.co/api/damage-types/12,Slashing,5,,3,http://www.dnd5eapi.co/api/weapon-properties/2,Finesse,http://www.dnd5eapi.co/api/weapon-properties/6,Reach,http://www.dnd5eapi.co/api/equipment/32,,,,,,,,,,,,,,,,,,,,,,,,,,,,,,,,,,,,,,,,,,,,,,,,,,,,
33,Blowgun,Weapon,Martial,Ranged,Martial Ranged,10,gp,1,1,http://www.dnd5eapi.co/api/damage-types/8,Piercing,25,100,1,http://www.dnd5eapi.co/api/weapon-properties/1,Ammunition,http://www.dnd5eapi.co/api/weapon-properties/5,Loading,http://www.dnd5eapi.co/api/equipment/33,,,,,,,,,,,,,,,,,,,,,,,,,,,,,,,,,,,,,,,,,,,,,,,,,,,,
34,"Crossbow, hand",Weapon,Martial,Ranged,Martial Ranged,75,gp,1,6,http://www.dnd5eapi.co/api/damage-types/8,Piercing,30,120,3,http://www.dnd5eapi.co/api/weapon-properties/1,Ammunition,http://www.dnd5eapi.co/api/weapon-properties/4,Light,http://www.dnd5eapi.co/api/equipment/34,http://www.dnd5eapi.co/api/weapon-properties/5,Loading,,,,,,,,,,,,,,,,,,,,,,,,,,,,,,,,,,,,,,,,,,,,,,,,,,
35,"Crossbow, heavy",Weapon,Martial,Ranged,Martial Ranged,50,gp,1,10,http://www.dnd5eapi.co/api/damage-types/8,Piercing,100,400,18,http://www.dnd5eapi.co/api/weapon-properties/1,Ammunition,http://www.dnd5eapi.co/api/weapon-properties/4,Light,http://www.dnd5eapi.co/api/equipment/35,http://www.dnd5eapi.co/api/weapon-properties/5,Loading,http://www.dnd5eapi.co/api/weapon-properties/9,Two-Handed,,,,,,,,,,,,,,,,,,,,,,,,,,,,,,,,,,,,,,,,,,,,,,,,
36,Longbow,Weapon,Martial,Ranged,Martial Ranged,50,gp,1,8,http://www.dnd5eapi.co/api/damage-types/8,Piercing,150,600,2,http://www.dnd5eapi.co/api/weapon-properties/1,Ammunition,http://www.dnd5eapi.co/api/weapon-properties/3,Heavy,http://www.dnd5eapi.co/api/equipment/36,http://www.dnd5eapi.co/api/weapon-properties/9,Two-Handed,,,,,,,,,,,,,,,,,,,,,,,,,,,,,,,,,,,,,,,,,,,,,,,,,,
37,Net,Weapon,Martial,Ranged,Martial Ranged,1,gp,1,0,http://www.dnd5eapi.co/api/damage-types/12,Slashing,5,15,3,http://www.dnd5eapi.co/api/weapon-properties/8,Thrown,http://www.dnd5eapi.co/api/weapon-properties/7,Special,http://www.dnd5eapi.co/api/equipment/37,,,,,5,15,,,,,"A Large or smaller creature hit by a net is restrained until it is freed. A net has no effect on creatures that are formless, or creatures that are Huge or larger. A creature can use its action to make a DC 10 Strength check, freeing itself or another creature within its reach on a success. Dealing 5 slashing damage to the net (AC 10) also frees the creature without harming it, ending the effect and destroying the net. When you use an action, bonus action, or reaction to attack with a net, you can make only one attack regardless of the number of attacks you can normally make.",,,,,,,,,,,,,,,,,,,,,,,,,,,,,,,,,,,,,,,,,
38,Padded,Armor,,,,5,gp,,,,,,,8,,,,,http://www.dnd5eapi.co/api/equipment/38,,,,,,,,,,,,Light,11,true,,0,true,,,,,,,,,,,,,,,,,,,,,,,,,,,,,,,,,,,
39,Leather,Armor,,,,10,gp,,,,,,,10,,,,,http://www.dnd5eapi.co/api/equipment/39,,,,,,,,,,,,Light,11,true,,0,false,,,,,,,,,,,,,,,,,,,,,,,,,,,,,,,,,,,
40,Studded Leather,Armor,,,,45,gp,,,,,,,13,,,,,http://www.dnd5eapi.co/api/equipment/40,,,,,,,,,,,,Light,12,true,,0,false,,,,,,,,,,,,,,,,,,,,,,,,,,,,,,,,,,,
41,Hide,Armor,,,,10,gp,,,,,,,12,,,,,http://www.dnd5eapi.co/api/equipment/41,,,,,,,,,,,,Medium,12,true,2,0,false,,,,,,,,,,,,,,,,,,,,,,,,,,,,,,,,,,,
42,Chain Shirt,Armor,,,,50,gp,,,,,,,20,,,,,http://www.dnd5eapi.co/api/equipment/42,,,,,,,,,,,,Medium,13,true,2,0,false,,,,,,,,,,,,,,,,,,,,,,,,,,,,,,,,,,,
43,Scale Mail,Armor,,,,50,gp,,,,,,,45,,,,,http://www.dnd5eapi.co/api/equipment/43,,,,,,,,,,,,Medium,14,true,2,0,true,,,,,,,,,,,,,,,,,,,,,,,,,,,,,,,,,,,
44,Breastplate,Armor,,,,400,gp,,,,,,,20,,,,,http://www.dnd5eapi.co/api/equipment/44,,,,,,,,,,,,Medium,14,true,2,0,false,,,,,,,,,,,,,,,,,,,,,,,,,,,,,,,,,,,
45,Half Plate,Armor,,,,750,gp,,,,,,,40,,,,,http://www.dnd5eapi.co/api/equipment/45,,,,,,,,,,,,Medium,15,true,2,0,true,,,,,,,,,,,,,,,,,,,,,,,,,,,,,,,,,,,
46,Ring Mail,Armor,,,,30,gp,,,,,,,40,,,,,http://www.dnd5eapi.co/api/equipment/46,,,,,,,,,,,,Heavy,14,false,,0,true,,,,,,,,,,,,,,,,,,,,,,,,,,,,,,,,,,,
47,Chain Mail,Armor,,,,75,gp,,,,,,,55,,,,,http://www.dnd5eapi.co/api/equipment/47,,,,,,,,,,,,Heavy,16,false,,13,true,,,,,,,,,,,,,,,,,,,,,,,,,,,,,,,,,,,
48,Splint,Armor,,,,200,gp,,,,,,,60,,,,,http://www.dnd5eapi.co/api/equipment/48,,,,,,,,,,,,Heavy,17,false,,15,true,,,,,,,,,,,,,,,,,,,,,,,,,,,,,,,,,,,
49,Plate,Armor,,,,1500,gp,,,,,,,65,,,,,http://www.dnd5eapi.co/api/equipment/49,,,,,,,,,,,,Heavy,18,false,,15,true,,,,,,,,,,,,,,,,,,,,,,,,,,,,,,,,,,,
50,Shield,Armor,,,,10,gp,,,,,,,6,,,,,http://www.dnd5eapi.co/api/equipment/50,,,,,,,,,,,,Shield,2,false,,0,false,,,,,,,,,,,,,,,,,,,,,,,,,,,,,,,,,,,
51,Abacus,Adventuring Gear,,,,2,gp,,,,,,,2,,,,,http://www.dnd5eapi.co/api/equipment/51,,,,,,,,,,,,,,,,,,Standard Gear,,,,,,,,,,,,,,,,,,,,,,,,,,,,,,,,,,
52,Acid (vial),Adventuring Gear,,,,25,gp,,,,,,,1,,,,,http://www.dnd5eapi.co/api/equipment/52,,,,,,,,,,,,,,,,,,Standard Gear,"As an action, you can splash the contents of this vial onto a creature within 5 feet of you or throw the vial up to 20 feet, shattering it on impact. In either case, make a ranged attack against a creature or object, treating the acid as an improvised weapon.","On a hit, the target takes 2d6 acid damage.",,,,,,,,,,,,,,,,,,,,,,,,,,,,,,,,
53,Alchemist's fire (flask),Adventuring Gear,,,,50,gp,,,,,,,1,,,,,http://www.dnd5eapi.co/api/equipment/53,,,,,,,,,,,,,,,,,,Standard Gear,"This sticky, adhesive fluid ignites when exposed to air.","As an action, you can throw this flask up to 20 feet, shattering it on impact. Make a ranged attack against a creature or object, treating the alchemist's fire as an improvised weapon.","On a hit, the target takes 1d4 fire damage at the start of each of its turns. A creature can end this damage by using its action to make a DC 10 Dexterity check to extinguish the flames.",,,,,,,,,,,,,,,,,,,,,,,,,,,,,,,
54,Arrow,Adventuring Gear,,,,5,cp,,,,,,,1,,,,,http://www.dnd5eapi.co/api/equipment/54,,,,,,,,,,,,,,,,,,Ammunition,,,,,,,,,,,,,,,,,,,,,,,,,,,,,,,,,,
55,Blowgun needle,Adventuring Gear,,,,2,cp,,,,,,,1,,,,,http://www.dnd5eapi.co/api/equipment/55,,,,,,,,,,,,,,,,,,Ammunition,,,,,,,,,,,,,,,,,,,,,,,,,,,,,,,,,,
56,Crossbow bolt,Adventuring Gear,,,,5,cp,,,,,,,1.5,,,,,http://www.dnd5eapi.co/api/equipment/56,,,,,,,,,,,,,,,,,,Ammunition,,,,,,,,,,,,,,,,,,,,,,,,,,,,,,,,,,
57,Sling bullet,Adventuring Gear,,,,1,cp,,,,,,,1.5,,,,,http://www.dnd5eapi.co/api/equipment/57,,,,,,,,,,,,,,,,,,Ammunition,,,,,,,,,,,,,,,,,,,,,,,,,,,,,,,,,,
58,Amulet,Adventuring Gear,,,,5,gp,,,,,,,1,,,,,http://www.dnd5eapi.co/api/equipment/58,,,,,,,,,,,,,,,,,,Holy Symbol,"A holy symbol is a representation of a god or pantheon. It might be an amulet depicting a symbol representing a deity, the same symbol carefully engraved or inlaid as an emblem on a shield, or a tiny box holding a fragment of a sacred relic.","Appendix B lists the symbols commonly associated with many gods in the multiverse. A cleric or paladin can use a holy symbol as a spellcasting focus. To use the symbol in this way, the caster must hold it in hand, wear it visibly, or bear it on a shield.",,,,,,,,,,,,,,,,,,,,,,,,,,,,,,,,
59,Antitoxin (vial),Adventuring Gear,,,,50,gp,,,,,,,0,,,,,http://www.dnd5eapi.co/api/equipment/59,,,,,,,,,,,,,,,,,,Standard Gear,A creature that drinks this vial of liquid gains advantage on saving throws against poison for 1 hour. It confers no benefit to undead or constructs.,,,,,,,,,,,,,,,,,,,,,,,,,,,,,,,,,
60,Crystal,Adventuring Gear,,,,10,gp,,,,,,,1,,,,,http://www.dnd5eapi.co/api/equipment/60,,,,,,,,,,,,,,,,,,Arcane focus,"An arcane focus is a special item--an orb, a crystal, a rod, a specially constructed staff, a wand-like length of wood, or some similar item--designed to channel the power of arcane spells. A sorcerer, warlock, or wizard can use such an item as a spellcasting focus.",,,,,,,,,,,,,,,,,,,,,,,,,,,,,,,,,
61,Orb,Adventuring Gear,,,,20,gp,,,,,,,3,,,,,http://www.dnd5eapi.co/api/equipment/61,,,,,,,,,,,,,,,,,,Arcane focus,"An arcane focus is a special item--an orb, a crystal, a rod, a specially constructed staff, a wand-like length of wood, or some similar item--designed to channel the power of arcane spells. A sorcerer, warlock, or wizard can use such an item as a spellcasting focus.",,,,,,,,,,,,,,,,,,,,,,,,,,,,,,,,,
62,Rod,Adventuring Gear,,,,10,gp,,,,,,,2,,,,,http://www.dnd5eapi.co/api/equipment/62,,,,,,,,,,,,,,,,,,Arcane focus,"An arcane focus is a special item--an orb, a crystal, a rod, a specially constructed staff, a wand-like length of wood, or some similar item--designed to channel the power of arcane spells. A sorcerer, warlock, or wizard can use such an item as a spellcasting focus.",,,,,,,,,,,,,,,,,,,,,,,,,,,,,,,,,
63,Staff,Adventuring Gear,,,,5,gp,,,,,,,4,,,,,http://www.dnd5eapi.co/api/equipment/63,,,,,,,,,,,,,,,,,,Arcane focus,"An arcane focus is a special item--an orb, a crystal, a rod, a specially constructed staff, a wand-like length of wood, or some similar item--designed to channel the power of arcane spells. A sorcerer, warlock, or wizard can use such an item as a spellcasting focus.",,,,,,,,,,,,,,,,,,,,,,,,,,,,,,,,,
64,Wand,Adventuring Gear,,,,10,gp,,,,,,,1,,,,,http://www.dnd5eapi.co/api/equipment/64,,,,,,,,,,,,,,,,,,Arcane focus,"An arcane focus is a special item--an orb, a crystal, a rod, a specially constructed staff, a wand-like length of wood, or some similar item--designed to channel the power of arcane spells. A sorcerer, warlock, or wizard can use such an item as a spellcasting focus.",,,,,,,,,,,,,,,,,,,,,,,,,,,,,,,,,
65,Backpack,Adventuring Gear,,,,2,gp,,,,,,,5,,,,,http://www.dnd5eapi.co/api/equipment/65,,,,,,,,,,,,,,,,,,Standard Gear,,,,,,,,,,,,,,,,,,,,,,,,,,,,,,,,,,
66,"Ball bearings (bag of 1,000)",Adventuring Gear,,,,1,gp,,,,,,,2,,,,,http://www.dnd5eapi.co/api/equipment/66,,,,,,,,,,,,,,,,,,Standard Gear,"As an action, you can spill these tiny metal balls from their pouch to cover a level, square area that is 10 feet on a side.",A creature moving across the covered area must succeed on a DC 10 Dexterity saving throw or fall prone.,A creature moving through the area at half speed doesn't need to make the save.,,,,,,,,,,,,,,,,,,,,,,,,,,,,,,,
67,Barrel,Adventuring Gear,,,,2,gp,,,,,,,70,,,,,http://www.dnd5eapi.co/api/equipment/67,,,,,,,,,,,,,,,,,,Standard Gear,,,,,,,,,,,,,,,,,,,,,,,,,,,,,,,,,,
68,Basket,Adventuring Gear,,,,4,sp,,,,,,,2,,,,,http://www.dnd5eapi.co/api/equipment/68,,,,,,,,,,,,,,,,,,Standard Gear,,,,,,,,,,,,,,,,,,,,,,,,,,,,,,,,,,
69,Bedroll,Adventuring Gear,,,,1,gp,,,,,,,7,,,,,http://www.dnd5eapi.co/api/equipment/69,,,,,,,,,,,,,,,,,,Standard Gear,,,,,,,,,,,,,,,,,,,,,,,,,,,,,,,,,,
70,Bell,Adventuring Gear,,,,1,gp,,,,,,,0,,,,,http://www.dnd5eapi.co/api/equipment/70,,,,,,,,,,,,,,,,,,Standard Gear,,,,,,,,,,,,,,,,,,,,,,,,,,,,,,,,,,
71,Blanket,Adventuring Gear,,,,5,sp,,,,,,,3,,,,,http://www.dnd5eapi.co/api/equipment/71,,,,,,,,,,,,,,,,,,Standard Gear,,,,,,,,,,,,,,,,,,,,,,,,,,,,,,,,,,
72,Block and tackle,Adventuring Gear,,,,1,gp,,,,,,,5,,,,,http://www.dnd5eapi.co/api/equipment/72,,,,,,,,,,,,,,,,,,Standard Gear,"A set of pulleys with a cable threaded through them and a hook to attach to objects, a block and tackle allows you to hoist up to four times the weight you can normally lift.",,,,,,,,,,,,,,,,,,,,,,,,,,,,,,,,,
73,Book,Adventuring Gear,,,,25,gp,,,,,,,5,,,,,http://www.dnd5eapi.co/api/equipment/73,,,,,,,,,,,,,,,,,,Standard Gear,"A book might contain poetry, historical accounts, information pertaining to a particular field of lore, diagrams and notes on gnomish contraptions, or just about anything else that can be represented using text or pictures. A book of spells is a spellbook (described later in this section).",,,,,,,,,,,,,,,,,,,,,,,,,,,,,,,,,
74,"Bottle, glass",Adventuring Gear,,,,2,gp,,,,,,,2,,,,,http://www.dnd5eapi.co/api/equipment/74,,,,,,,,,,,,,,,,,,Standard Gear,,,,,,,,,,,,,,,,,,,,,,,,,,,,,,,,,,
75,Bucket,Adventuring Gear,,,,5,cp,,,,,,,2,,,,,http://www.dnd5eapi.co/api/equipment/75,,,,,,,,,,,,,,,,,,Standard Gear,,,,,,,,,,,,,,,,,,,,,,,,,,,,,,,,,,
76,Caltrops,Adventuring Gear,,,,5,cp,,,,,,,2,,,,,http://www.dnd5eapi.co/api/equipment/76,,,,,,,,,,,,,,,,,,Standard Gear,"As an action, you can spread a bag of caltrops to cover a square area that is 5 feet on a side.",Any creature that enters the area must succeed on a DC 15 Dexterity saving throw or stop moving this turn and take 1 piercing damage.,Taking this damage reduces the creature's walking speed by 10 feet until the creature regains at least 1 hit point.,A creature moving through the area at half speed doesn't need to make the save.,,,,,,,,,,,,,,,,,,,,,,,,,,,,,,
77,Candle,Adventuring Gear,,,,1,cp,,,,,,,0,,,,,http://www.dnd5eapi.co/api/equipment/77,,,,,,,,,,,,,,,,,,Standard Gear,"For 1 hour, a candle sheds bright light in a 5-foot radius and dim light for an additional 5 feet.",,,,,,,,,,,,,,,,,,,,,,,,,,,,,,,,,
78,"Case, crossbow bolt",Adventuring Gear,,,,1,gp,,,,,,,1,,,,,http://www.dnd5eapi.co/api/equipment/78,,,,,,,,,,,,,,,,,,Standard Gear,This wooden case can hold up to twenty crossbow bolts.,,,,,,,,,,,,,,,,,,,,,,,,,,,,,,,,,
79,"Case, map or scroll",Adventuring Gear,,,,1,gp,,,,,,,1,,,,,http://www.dnd5eapi.co/api/equipment/79,,,,,,,,,,,,,,,,,,Standard Gear,This cylindrical leather case can hold up to ten rolled-up sheets of paper or five rolled-up sheets of parchment.,,,,,,,,,,,,,,,,,,,,,,,,,,,,,,,,,
80,Chain (10 feet),Adventuring Gear,,,,5,gp,,,,,,,10,,,,,http://www.dnd5eapi.co/api/equipment/80,,,,,,,,,,,,,,,,,,Standard Gear,A chain has 10 hit points. It can be burst with a successful DC 20 Strength check.,,,,,,,,,,,,,,,,,,,,,,,,,,,,,,,,,
81,Chalk (1 piece),Adventuring Gear,,,,1,cp,,,,,,,0,,,,,http://www.dnd5eapi.co/api/equipment/81,,,,,,,,,,,,,,,,,,Standard Gear,,,,,,,,,,,,,,,,,,,,,,,,,,,,,,,,,,
82,Chest,Adventuring Gear,,,,5,gp,,,,,,,25,,,,,http://www.dnd5eapi.co/api/equipment/82,,,,,,,,,,,,,,,,,,Standard Gear,,,,,,,,,,,,,,,,,,,,,,,,,,,,,,,,,,
83,"Clothes, common",Adventuring Gear,,,,5,sp,,,,,,,3,,,,,http://www.dnd5eapi.co/api/equipment/83,,,,,,,,,,,,,,,,,,Standard Gear,,,,,,,,,,,,,,,,,,,,,,,,,,,,,,,,,,
84,"Clothes, costume",Adventuring Gear,,,,5,gp,,,,,,,4,,,,,http://www.dnd5eapi.co/api/equipment/84,,,,,,,,,,,,,,,,,,Standard Gear,,,,,,,,,,,,,,,,,,,,,,,,,,,,,,,,,,
85,"Clothes, fine",Adventuring Gear,,,,15,gp,,,,,,,6,,,,,http://www.dnd5eapi.co/api/equipment/85,,,,,,,,,,,,,,,,,,Standard Gear,,,,,,,,,,,,,,,,,,,,,,,,,,,,,,,,,,
86,"Clothes, traveler's",Adventuring Gear,,,,2,gp,,,,,,,4,,,,,http://www.dnd5eapi.co/api/equipment/86,,,,,,,,,,,,,,,,,,Standard Gear,,,,,,,,,,,,,,,,,,,,,,,,,,,,,,,,,,
87,Component pouch,Adventuring Gear,,,,25,gp,,,,,,,2,,,,,http://www.dnd5eapi.co/api/equipment/87,,,,,,,,,,,,,,,,,,Standard Gear," A component pouch is a small, watertight leather belt pouch that has compartments to hold all the material components and other special items you need to cast your spells, except for those components that have a specific cost (as indicated in a spell's description).",,,,,,,,,,,,,,,,,,,,,,,,,,,,,,,,,
88,Crowbar,Adventuring Gear,,,,2,gp,,,,,,,5,,,,,http://www.dnd5eapi.co/api/equipment/88,,,,,,,,,,,,,,,,,,Standard Gear,Using a crowbar grants advantage to Strength checks where the crowbar's leverage can be applied.,,,,,,,,,,,,,,,,,,,,,,,,,,,,,,,,,
89,Sprig of mistletoe,Adventuring Gear,,,,1,gp,,,,,,,0,,,,,http://www.dnd5eapi.co/api/equipment/89,,,,,,,,,,,,,,,,,,Druidic focus,"A druidic focus might be a sprig of mistletoe or holly, a wand or scepter made of yew or another special wood, a staff drawn whole out of a living tree, or a totem object incorporating feathers, fur, bones, and teeth from sacred animals. A druid can use such an object as a spellcasting focus.",,,,,,,,,,,,,,,,,,,,,,,,,,,,,,,,,
90,Totem,Adventuring Gear,,,,1,gp,,,,,,,0,,,,,http://www.dnd5eapi.co/api/equipment/90,,,,,,,,,,,,,,,,,,Druidic focus,"A druidic focus might be a sprig of mistletoe or holly, a wand or scepter made of yew or another special wood, a staff drawn whole out of a living tree, or a totem object incorporating feathers, fur, bones, and teeth from sacred animals. A druid can use such an object as a spellcasting focus.",,,,,,,,,,,,,,,,,,,,,,,,,,,,,,,,,
91,Wooden staff,Adventuring Gear,,,,5,gp,,,,,,,4,,,,,http://www.dnd5eapi.co/api/equipment/91,,,,,,,,,,,,,,,,,,Druidic focus,"A druidic focus might be a sprig of mistletoe or holly, a wand or scepter made of yew or another special wood, a staff drawn whole out of a living tree, or a totem object incorporating feathers, fur, bones, and teeth from sacred animals. A druid can use such an object as a spellcasting focus.",,,,,,,,,,,,,,,,,,,,,,,,,,,,,,,,,
92,Yew wand,Adventuring Gear,,,,10,gp,,,,,,,1,,,,,http://www.dnd5eapi.co/api/equipment/92,,,,,,,,,,,,,,,,,,Druidic focus,"A druidic focus might be a sprig of mistletoe or holly, a wand or scepter made of yew or another special wood, a staff drawn whole out of a living tree, or a totem object incorporating feathers, fur, bones, and teeth from sacred animals. A druid can use such an object as a spellcasting focus.",,,,,,,,,,,,,,,,,,,,,,,,,,,,,,,,,
93,Emblem,Adventuring Gear,,,,5,gp,,,,,,,0,,,,,http://www.dnd5eapi.co/api/equipment/93,,,,,,,,,,,,,,,,,,Holy Symbol,"A holy symbol is a representation of a god or pantheon. It might be an amulet depicting a symbol representing a deity, the same symbol carefully engraved or inlaid as an emblem on a shield, or a tiny box holding a fragment of a sacred relic.","Appendix B lists the symbols commonly associated with many gods in the multiverse. A cleric or paladin can use a holy symbol as a spellcasting focus. To use the symbol in this way, the caster must hold it in hand, wear it visibly, or bear it on a shield.",,,,,,,,,,,,,,,,,,,,,,,,,,,,,,,,
94,Fishing tackle,Adventuring Gear,,,,1,gp,,,,,,,4,,,,,http://www.dnd5eapi.co/api/equipment/94,,,,,,,,,,,,,,,,,,Standard Gear,"This kit includes a wooden rod, silken line, corkwood bobbers, steel hooks, lead sinkers, velvet lures, and narrow netting.",,,,,,,,,,,,,,,,,,,,,,,,,,,,,,,,,
95,Flask or tankard,Adventuring Gear,,,,2,cp,,,,,,,1,,,,,http://www.dnd5eapi.co/api/equipment/95,,,,,,,,,,,,,,,,,,Standard Gear,,,,,,,,,,,,,,,,,,,,,,,,,,,,,,,,,,
96,Grappling hook,Adventuring Gear,,,,2,gp,,,,,,,4,,,,,http://www.dnd5eapi.co/api/equipment/96,,,,,,,,,,,,,,,,,,Standard Gear,,,,,,,,,,,,,,,,,,,,,,,,,,,,,,,,,,
97,Hammer,Adventuring Gear,,,,1,gp,,,,,,,3,,,,,http://www.dnd5eapi.co/api/equipment/97,,,,,,,,,,,,,,,,,,Standard Gear,,,,,,,,,,,,,,,,,,,,,,,,,,,,,,,,,,
98,"Hammer, sledge",Adventuring Gear,,,,2,gp,,,,,,,10,,,,,http://www.dnd5eapi.co/api/equipment/98,,,,,,,,,,,,,,,,,,Standard Gear,,,,,,,,,,,,,,,,,,,,,,,,,,,,,,,,,,
99,Holy water (flask),Adventuring Gear,,,,25,gp,,,,,,,1,,,,,http://www.dnd5eapi.co/api/equipment/99,,,,,,,,,,,,,,,,,,Standard Gear,"As an action, you can splash the contents of this flask onto a creature within 5 feet of you or throw it up to 20 feet, shattering it on impact. In either case, make a ranged attack against a target creature, treating the holy water as an improvised weapon.","If the target is a fiend or undead, it takes 2d6 radiant damage.",A cleric or paladin may create holy water by performing a special ritual.,"The ritual takes 1 hour to perform, uses 25 gp worth of powdered silver, and requires the caster to expend a 1st-level spell slot.",,,,,,,,,,,,,,,,,,,,,,,,,,,,,,
100,Hourglass,Adventuring Gear,,,,25,gp,,,,,,,1,,,,,http://www.dnd5eapi.co/api/equipment/100,,,,,,,,,,,,,,,,,,Standard Gear,,,,,,,,,,,,,,,,,,,,,,,,,,,,,,,,,,
101,Hunting trap,Adventuring Gear,,,,5,gp,,,,,,,25,,,,,http://www.dnd5eapi.co/api/equipment/101,,,,,,,,,,,,,,,,,,Standard Gear,"When you use your action to set it, this trap forms a saw-toothed steel ring that snaps shut when a creature steps on a pressure plate in the center. The trap is affixed by a heavy chain to an immobile object, such as a tree or a spike driven into the ground.","A creature that steps on the plate must succeed on a DC 13 Dexterity saving throw or take 1d4 piercing damage and stop moving. Thereafter, until the creature breaks free of the trap, its movement is limited by the length of the chain (typically 3 feet long).","A creature can use its action to make a DC 13 Strength check, freeing itself or another creature within its reach on a success. Each failed check deals 1 piercing damage to the trapped creature.",,,,,,,,,,,,,,,,,,,,,,,,,,,,,,,
102,Ink (1 ounce bottle),Adventuring Gear,,,,10,gp,,,,,,,0,,,,,http://www.dnd5eapi.co/api/equipment/102,,,,,,,,,,,,,,,,,,Standard Gear,,,,,,,,,,,,,,,,,,,,,,,,,,,,,,,,,,
103,Ink pen,Adventuring Gear,,,,2,cp,,,,,,,0,,,,,http://www.dnd5eapi.co/api/equipment/103,,,,,,,,,,,,,,,,,,Standard Gear,,,,,,,,,,,,,,,,,,,,,,,,,,,,,,,,,,
104,Jug or pitcher,Adventuring Gear,,,,2,cp,,,,,,,4,,,,,http://www.dnd5eapi.co/api/equipment/104,,,,,,,,,,,,,,,,,,Standard Gear,,,,,,,,,,,,,,,,,,,,,,,,,,,,,,,,,,
105,Climber's Kit,Adventuring Gear,,,,25,gp,,,,,,,12,,,,,http://www.dnd5eapi.co/api/equipment/105,,,,,,,,,,,,,,,,,,Kit,"A climber's kit includes special pitons, boot tips, gloves, and a harness. You can use the climber's kit as an action to anchor yourself; when you do, you can't fall more than 25 feet from the point where you anchored yourself, and you can't climb more than 25 feet away from that point without undoing the anchor.",,,,,,,,,,,,,,,,,,,,,,,,,,,,,,,,,
106,Disguise Kit,Adventuring Gear,,,,25,gp,,,,,,,3,,,,,http://www.dnd5eapi.co/api/equipment/106,,,,,,,,,,,,,,,,,,Kit,"This pouch of cosmetics, hair dye, and small props lets you create disguises that change your physical appearance. Proficiency with this kit lets you add your proficiency bonus to any ability checks you make to create a visual disguise.",,,,,,,,,,,,,,,,,,,,,,,,,,,,,,,,,
107,Forgery Kit,Adventuring Gear,,,,15,gp,,,,,,,5,,,,,http://www.dnd5eapi.co/api/equipment/107,,,,,,,,,,,,,,,,,,Kit,"This small box contains a variety of papers and parchments, pens and inks, seals and sealing wax, gold and silver leaf, and other supplies necessary to create convincing forgeries of physical documents. Proficiency with this kit lets you add your proficiency bonus to any ability checks you make to create a physical forgery of a document.",,,,,,,,,,,,,,,,,,,,,,,,,,,,,,,,,
108,Herbalism Kit,Adventuring Gear,,,,5,gp,,,,,,,3,,,,,http://www.dnd5eapi.co/api/equipment/108,,,,,,,,,,,,,,,,,,Kit,"This kit contains a variety of instruments such as clippers, mortar and pestle, and pouches and vials used by herbalists to create remedies and potions. Proficiency with this kit lets you add your proficiency bonus to any ability checks you make to identify or apply herbs. Also, proficiency with this kit is required to create antitoxin and potions of healing.",,,,,,,,,,,,,,,,,,,,,,,,,,,,,,,,,
109,Healer's Kit,Adventuring Gear,,,,5,gp,,,,,,,3,,,,,http://www.dnd5eapi.co/api/equipment/109,,,,,,,,,,,,,,,,,,Kit,"This kit is a leather pouch containing bandages, salves, and splints. The kit has ten uses. As an action, you can expend one use of the kit to stabilize a creature that has 0 hit points, without needing to make a Wisdom (Medicine) check.",,,,,,,,,,,,,,,,,,,,,,,,,,,,,,,,,
110,Mess Kit,Adventuring Gear,,,,2,sp,,,,,,,1,,,,,http://www.dnd5eapi.co/api/equipment/110,,,,,,,,,,,,,,,,,,Kit,"This tin box contains a cup and simple cutlery. The box clamps together, and one side can be used as a cooking pan and the other as a plate or shallow bowl.",,,,,,,,,,,,,,,,,,,,,,,,,,,,,,,,,
111,Poisoner's Kit,Adventuring Gear,,,,50,gp,,,,,,,2,,,,,http://www.dnd5eapi.co/api/equipment/111,,,,,,,,,,,,,,,,,,Kit,"A poisoner's kit includes the vials, chemicals, and other equipment necessary for the creation of poisons. Proficiency with this kit lets you add your proficiency bonus to any ability checks you make to craft or use poisons.",,,,,,,,,,,,,,,,,,,,,,,,,,,,,,,,,
112,Ladder (10-foot),Adventuring Gear,,,,1,sp,,,,,,,25,,,,,http://www.dnd5eapi.co/api/equipment/112,,,,,,,,,,,,,,,,,,Standard Gear,,,,,,,,,,,,,,,,,,,,,,,,,,,,,,,,,,
113,Lamp,Adventuring Gear,,,,5,sp,,,,,,,1,,,,,http://www.dnd5eapi.co/api/equipment/113,,,,,,,,,,,,,,,,,,Standard Gear,"A lamp casts bright light in a 15-foot radius and dim light for an additional 30 feet. Once lit, it burns for 6 hours on a flask (1 pint) of oil.",,,,,,,,,,,,,,,,,,,,,,,,,,,,,,,,,
114,"Lantern, bullseye",Adventuring Gear,,,,10,gp,,,,,,,2,,,,,http://www.dnd5eapi.co/api/equipment/114,,,,,,,,,,,,,,,,,,Standard Gear,"A bullseye lantern casts bright light in a 60-foot cone and dim light for an additional 60 feet. Once lit, it burns for 6 hours on a flask (1 pint) of oil.",,,,,,,,,,,,,,,,,,,,,,,,,,,,,,,,,
115,"Lantern, hooded",Adventuring Gear,,,,5,gp,,,,,,,2,,,,,http://www.dnd5eapi.co/api/equipment/115,,,,,,,,,,,,,,,,,,Standard Gear,"A hooded lantern casts bright light in a 30-foot radius and dim light for an additional 30 feet. Once lit, it burns for 6 hours on a flask (1 pint) of oil. As an action, you can lower the hood, reducing the light to dim light in a 5-foot radius.",,,,,,,,,,,,,,,,,,,,,,,,,,,,,,,,,
116,Lock,Adventuring Gear,,,,10,gp,,,,,,,1,,,,,http://www.dnd5eapi.co/api/equipment/116,,,,,,,,,,,,,,,,,,Standard Gear,"A key is provided with the lock. Without the key, a creature proficient with thieves' tools can pick this lock with a successful DC 15 Dexterity check. Your GM may decide that better locks are available for higher prices.",,,,,,,,,,,,,,,,,,,,,,,,,,,,,,,,,
117,Magnifying glass,Adventuring Gear,,,,100,gp,,,,,,,0,,,,,http://www.dnd5eapi.co/api/equipment/117,,,,,,,,,,,,,,,,,,Standard Gear,"This lens allows a closer look at small objects. It is also useful as a substitute for flint and steel when starting fires. Lighting a fire with a magnifying glass requires light as bright as sunlight to focus, tinder to ignite, and about 5 minutes for the fire to ignite.",A magnifying glass grants advantage on any ability check made to appraise or inspect an item that is small or highly detailed.,,,,,,,,,,,,,,,,,,,,,,,,,,,,,,,,
118,Manacles,Adventuring Gear,,,,2,gp,,,,,,,6,,,,,http://www.dnd5eapi.co/api/equipment/118,,,,,,,,,,,,,,,,,,Standard Gear,These metal restraints can bind a Small or Medium creature. Escaping the manacles requires a successful DC 20 Dexterity check. Breaking them requires a successful DC 20 Strength check.,"Each set of manacles comes with one key. Without the key, a creature proficient with thieves' tools can pick the manacles' lock with a successful DC 15 Dexterity check. Manacles have 15 hit points.",,,,,,,,,,,,,,,,,,,,,,,,,,,,,,,,
119,"Mirror, steel",Adventuring Gear,,,,5,gp,,,,,,,0.5,,,,,http://www.dnd5eapi.co/api/equipment/119,,,,,,,,,,,,,,,,,,Standard Gear,,,,,,,,,,,,,,,,,,,,,,,,,,,,,,,,,,
120,Oil (flask),Adventuring Gear,,,,1,sp,,,,,,,1,,,,,http://www.dnd5eapi.co/api/equipment/120,,,,,,,,,,,,,,,,,,Standard Gear,Oil usually comes in a clay flask that holds 1 pint.,"As an action, you can splash the oil in this flask onto a creature within 5 feet of you or throw it up to 20 feet, shattering it on impact. Make a ranged attack against a target creature or object, treating the oil as an improvised weapon.","On a hit, the target is covered in oil. If the target takes any fire damage before the oil dries (after 1 minute), the target takes an additional 5 fire damage from the burning oil.","You can also pour a flask of oil on the ground to cover a 5-foot-square area, provided that the surface is level.","If lit, the oil burns for 2 rounds and deals 5 fire damage to any creature that enters the area or ends its turn in the area. A creature can take this damage only once per turn.",,,,,,,,,,,,,,,,,,,,,,,,,,,,,
121,Paper (one sheet),Adventuring Gear,,,,2,sp,,,,,,,0,,,,,http://www.dnd5eapi.co/api/equipment/121,,,,,,,,,,,,,,,,,,Standard Gear,,,,,,,,,,,,,,,,,,,,,,,,,,,,,,,,,,
122,Parchment (one sheet),Adventuring Gear,,,,1,sp,,,,,,,0,,,,,http://www.dnd5eapi.co/api/equipment/122,,,,,,,,,,,,,,,,,,Standard Gear,,,,,,,,,,,,,,,,,,,,,,,,,,,,,,,,,,
123,Perfume (vial),Adventuring Gear,,,,5,gp,,,,,,,0,,,,,http://www.dnd5eapi.co/api/equipment/123,,,,,,,,,,,,,,,,,,Standard Gear,,,,,,,,,,,,,,,,,,,,,,,,,,,,,,,,,,
124,"Pick, miner's",Adventuring Gear,,,,2,gp,,,,,,,10,,,,,http://www.dnd5eapi.co/api/equipment/124,,,,,,,,,,,,,,,,,,Standard Gear,,,,,,,,,,,,,,,,,,,,,,,,,,,,,,,,,,
125,Piton,Adventuring Gear,,,,5,cp,,,,,,,0.25,,,,,http://www.dnd5eapi.co/api/equipment/125,,,,,,,,,,,,,,,,,,Standard Gear,,,,,,,,,,,,,,,,,,,,,,,,,,,,,,,,,,
126,"Poison, basic (vial)",Adventuring Gear,,,,100,gp,,,,,,,0,,,,,http://www.dnd5eapi.co/api/equipment/126,,,,,,,,,,,,,,,,,,Standard Gear,"You can use the poison in this vial to coat one slashing or piercing weapon or up to three pieces of ammunition. Applying the poison takes an action. A creature hit by the poisoned weapon or ammunition must make a DC 10 Constitution saving throw or take 1d4 poison damage. Once applied, the poison retains potency for 1 minute before drying.",,,,,,,,,,,,,,,,,,,,,,,,,,,,,,,,,
127,Pole (10-foot),Adventuring Gear,,,,5,cp,,,,,,,7,,,,,http://www.dnd5eapi.co/api/equipment/127,,,,,,,,,,,,,,,,,,Standard Gear,,,,,,,,,,,,,,,,,,,,,,,,,,,,,,,,,,
128,"Pot, iron",Adventuring Gear,,,,2,gp,,,,,,,10,,,,,http://www.dnd5eapi.co/api/equipment/128,,,,,,,,,,,,,,,,,,Standard Gear,,,,,,,,,,,,,,,,,,,,,,,,,,,,,,,,,,
129,Potion of healing,Adventuring Gear,,,,50,gp,,,,,,,0.5,,,,,http://www.dnd5eapi.co/api/equipment/129,,,,,,,,,,,,,,,,,,Standard Gear,A character who drinks the magical red fluid in this vial regains 2d4 + 2 hit points. Drinking or administering a potion takes an action.,,,,,,,,,,,,,,,,,,,,,,,,,,,,,,,,,
130,Pouch,Adventuring Gear,,,,5,sp,,,,,,,1,,,,,http://www.dnd5eapi.co/api/equipment/130,,,,,,,,,,,,,,,,,,Standard Gear,"A cloth or leather pouch can hold up to 20 sling bullets or 50 blowgun needles, among other things. A compartmentalized pouch for holding spell components is called a component pouch (described earlier in this section).",,,,,,,,,,,,,,,,,,,,,,,,,,,,,,,,,
131,Quiver,Adventuring Gear,,,,1,gp,,,,,,,1,,,,,http://www.dnd5eapi.co/api/equipment/131,,,,,,,,,,,,,,,,,,Standard Gear,A quiver can hold up to 20 arrows.,,,,,,,,,,,,,,,,,,,,,,,,,,,,,,,,,
132,"Ram, portable",Adventuring Gear,,,,4,gp,,,,,,,35,,,,,http://www.dnd5eapi.co/api/equipment/132,,,,,,,,,,,,,,,,,,Standard Gear,"You can use a portable ram to break down doors. When doing so, you gain a +4 bonus on the Strength check. One other character can help you use the ram, giving you advantage on this check.",,,,,,,,,,,,,,,,,,,,,,,,,,,,,,,,,
133,Rations (1 day),Adventuring Gear,,,,5,sp,,,,,,,2,,,,,http://www.dnd5eapi.co/api/equipment/133,,,,,,,,,,,,,,,,,,Standard Gear,"Rations consist of dry foods suitable for extended travel, including jerky, dried fruit, hardtack, and nuts.",,,,,,,,,,,,,,,,,,,,,,,,,,,,,,,,,
134,Reliquary,Adventuring Gear,,,,5,gp,,,,,,,2,,,,,http://www.dnd5eapi.co/api/equipment/134,,,,,,,,,,,,,,,,,,Holy Symbol,"A holy symbol is a representation of a god or pantheon. It might be an amulet depicting a symbol representing a deity, the same symbol carefully engraved or inlaid as an emblem on a shield, or a tiny box holding a fragment of a sacred relic.","Appendix B lists the symbols commonly associated with many gods in the multiverse. A cleric or paladin can use a holy symbol as a spellcasting focus. To use the symbol in this way, the caster must hold it in hand, wear it visibly, or bear it on a shield.",,,,,,,,,,,,,,,,,,,,,,,,,,,,,,,,
135,Robes,Adventuring Gear,,,,1,gp,,,,,,,4,,,,,http://www.dnd5eapi.co/api/equipment/135,,,,,,,,,,,,,,,,,,Standard Gear,,,,,,,,,,,,,,,,,,,,,,,,,,,,,,,,,,
136,"Rope, hempen (50 feet)",Adventuring Gear,,,,1,gp,,,,,,,10,,,,,http://www.dnd5eapi.co/api/equipment/136,,,,,,,,,,,,,,,,,,Standard Gear,"Rope, whether made of hemp or silk, has 2 hit points and can be burst with a DC 17 Strength check.",,,,,,,,,,,,,,,,,,,,,,,,,,,,,,,,,
137,"Rope, silk (50 feet)",Adventuring Gear,,,,10,gp,,,,,,,5,,,,,http://www.dnd5eapi.co/api/equipment/137,,,,,,,,,,,,,,,,,,Standard Gear,"Rope, whether made of hemp or silk, has 2 hit points and can be burst with a DC 17 Strength check.",,,,,,,,,,,,,,,,,,,,,,,,,,,,,,,,,
138,Sack,Adventuring Gear,,,,1,cp,,,,,,,0.5,,,,,http://www.dnd5eapi.co/api/equipment/138,,,,,,,,,,,,,,,,,,Standard Gear,,,,,,,,,,,,,,,,,,,,,,,,,,,,,,,,,,
139,"Scale, merchant's",Adventuring Gear,,,,5,gp,,,,,,,3,,,,,http://www.dnd5eapi.co/api/equipment/139,,,,,,,,,,,,,,,,,,Standard Gear,"A scale includes a small balance, pans, and a suitable assortment of weights up to 2 pounds. With it, you can measure the exact weight of small objects, such as raw precious metals or trade goods, to help determine their worth.",,,,,,,,,,,,,,,,,,,,,,,,,,,,,,,,,
140,Sealing wax,Adventuring Gear,,,,5,sp,,,,,,,0,,,,,http://www.dnd5eapi.co/api/equipment/140,,,,,,,,,,,,,,,,,,Standard Gear,,,,,,,,,,,,,,,,,,,,,,,,,,,,,,,,,,
141,Shovel,Adventuring Gear,,,,2,gp,,,,,,,5,,,,,http://www.dnd5eapi.co/api/equipment/141,,,,,,,,,,,,,,,,,,Standard Gear,,,,,,,,,,,,,,,,,,,,,,,,,,,,,,,,,,
142,Signal whistle,Adventuring Gear,,,,5,cp,,,,,,,0,,,,,http://www.dnd5eapi.co/api/equipment/142,,,,,,,,,,,,,,,,,,Standard Gear,,,,,,,,,,,,,,,,,,,,,,,,,,,,,,,,,,
143,Signet ring,Adventuring Gear,,,,5,gp,,,,,,,0,,,,,http://www.dnd5eapi.co/api/equipment/143,,,,,,,,,,,,,,,,,,Standard Gear,,,,,,,,,,,,,,,,,,,,,,,,,,,,,,,,,,
144,Soap,Adventuring Gear,,,,2,cp,,,,,,,0,,,,,http://www.dnd5eapi.co/api/equipment/144,,,,,,,,,,,,,,,,,,Standard Gear,,,,,,,,,,,,,,,,,,,,,,,,,,,,,,,,,,
145,Spellbook,Adventuring Gear,,,,50,gp,,,,,,,3,,,,,http://www.dnd5eapi.co/api/equipment/145,,,,,,,,,,,,,,,,,,Standard Gear,"Essential for wizards, a spellbook is a leather-bound tome with 100 blank vellum pages suitable for recording spells.",,,,,,,,,,,,,,,,,,,,,,,,,,,,,,,,,
146,"Spike, iron",Adventuring Gear,,,,1,sp,,,,,,,5,,,,,http://www.dnd5eapi.co/api/equipment/146,,,,,,,,,,,,,,,,,,Standard Gear,,,,,,,,,,,,,,,,,,,,,,,,,,,,,,,,,,
147,Spyglass,Adventuring Gear,,,,1000,gp,,,,,,,1,,,,,http://www.dnd5eapi.co/api/equipment/147,,,,,,,,,,,,,,,,,,Standard Gear,Objects viewed through a spyglass are magnified to twice their size.,,,,,,,,,,,,,,,,,,,,,,,,,,,,,,,,,
148,"Tent, two-person",Adventuring Gear,,,,2,gp,,,,,,,20,,,,,http://www.dnd5eapi.co/api/equipment/148,,,,,,,,,,,,,,,,,,Standard Gear,"A simple and portable canvas shelter, a tent sleeps two.",,,,,,,,,,,,,,,,,,,,,,,,,,,,,,,,,
149,Tinderbox,Adventuring Gear,,,,5,sp,,,,,,,1,,,,,http://www.dnd5eapi.co/api/equipment/149,,,,,,,,,,,,,,,,,,Standard Gear,"This small container holds flint, fire steel, and tinder (usually dry cloth soaked in light oil) used to kindle a fire. Using it to light a torch--or anything else with abundant, exposed fuel--takes an action.",Lighting any other fire takes 1 minute.,,,,,,,,,,,,,,,,,,,,,,,,,,,,,,,,
150,Torch,Adventuring Gear,,,,1,cp,,,,,,,1,,,,,http://www.dnd5eapi.co/api/equipment/150,,,,,,,,,,,,,,,,,,Standard Gear,"A torch burns for 1 hour, providing bright light in a 20-foot radius and dim light for an additional 20 feet. If you make a melee attack with a burning torch and hit, it deals 1 fire damage.",,,,,,,,,,,,,,,,,,,,,,,,,,,,,,,,,
151,Vial,Adventuring Gear,,,,1,gp,,,,,,,0,,,,,http://www.dnd5eapi.co/api/equipment/151,,,,,,,,,,,,,,,,,,Standard Gear,,,,,,,,,,,,,,,,,,,,,,,,,,,,,,,,,,
152,Waterskin,Adventuring Gear,,,,2,sp,,,,,,,5,,,,,http://www.dnd5eapi.co/api/equipment/152,,,,,,,,,,,,,,,,,,Standard Gear,,,,,,,,,,,,,,,,,,,,,,,,,,,,,,,,,,
153,Whetstone,Adventuring Gear,,,,1,cp,,,,,,,1,,,,,http://www.dnd5eapi.co/api/equipment/153,,,,,,,,,,,,,,,,,,Standard Gear,,,,,,,,,,,,,,,,,,,,,,,,,,,,,,,,,,
154,Burglar's Pack,Adventuring Gear,,,,16,gp,,,,,,,,,,,,http://www.dnd5eapi.co/api/equipment/154,,,,,,,,,,,,,,,,,,Equipment Pack,,,,,,http://www.dnd5eapi.co/api/equipment/65,1,http://www.dnd5eapi.co/api/equipment/66,1,http://www.dnd5eapi.co/api/equipment/77,5,http://www.dnd5eapi.co/api/equipment/88,1,http://www.dnd5eapi.co/api/equipment/97,1,http://www.dnd5eapi.co/api/equipment/125,10,http://www.dnd5eapi.co/api/equipment/115,1,http://www.dnd5eapi.co/api/equipment/120,2,http://www.dnd5eapi.co/api/equipment/133,5,http://www.dnd5eapi.co/api/equipment/149,1,http://www.dnd5eapi.co/api/equipment/152,1,http://www.dnd5eapi.co/api/equipment/136,1,,,,,
155,Diplomat's Pack,Adventuring Gear,,,,39,gp,,,,,,,,,,,,http://www.dnd5eapi.co/api/equipment/155,,,,,,,,,,,,,,,,,,Equipment Pack,,,,,,http://www.dnd5eapi.co/api/equipment/82,1,http://www.dnd5eapi.co/api/equipment/79,2,http://www.dnd5eapi.co/api/equipment/85,5,http://www.dnd5eapi.co/api/equipment/102,1,http://www.dnd5eapi.co/api/equipment/103,1,http://www.dnd5eapi.co/api/equipment/113,1,http://www.dnd5eapi.co/api/equipment/120,2,http://www.dnd5eapi.co/api/equipment/121,5,http://www.dnd5eapi.co/api/equipment/123,1,http://www.dnd5eapi.co/api/equipment/140,1,http://www.dnd5eapi.co/api/equipment/144,1,,,,,,,
156,Dungeoneer's Pack,Adventuring Gear,,,,12,gp,,,,,,,,,,,,http://www.dnd5eapi.co/api/equipment/156,,,,,,,,,,,,,,,,,,Equipment Pack,,,,,,http://www.dnd5eapi.co/api/equipment/65,1,http://www.dnd5eapi.co/api/equipment/88,1,http://www.dnd5eapi.co/api/equipment/97,1,http://www.dnd5eapi.co/api/equipment/125,10,http://www.dnd5eapi.co/api/equipment/150,10,http://www.dnd5eapi.co/api/equipment/133,10,http://www.dnd5eapi.co/api/equipment/152,1,http://www.dnd5eapi.co/api/equipment/136,1,,,,,,,,,,,,,
157,Entertainer's Pack,Adventuring Gear,,,,40,gp,,,,,,,,,,,,http://www.dnd5eapi.co/api/equipment/157,,,,,,,,,,,,,,,,,,Equipment Pack,,,,,,http://www.dnd5eapi.co/api/equipment/65,1,http://www.dnd5eapi.co/api/equipment/69,1,http://www.dnd5eapi.co/api/equipment/84,2,http://www.dnd5eapi.co/api/equipment/77,5,http://www.dnd5eapi.co/api/equipment/133,5,http://www.dnd5eapi.co/api/equipment/152,1,http://www.dnd5eapi.co/api/equipment/106,1,,,,,,,,,,,,,,,
158,Explorer's Pack,Adventuring Gear,,,,10,gp,,,,,,,,,,,,http://www.dnd5eapi.co/api/equipment/158,,,,,,,,,,,,,,,,,,Equipment Pack,,,,,,http://www.dnd5eapi.co/api/equipment/65,1,http://www.dnd5eapi.co/api/equipment/69,1,http://www.dnd5eapi.co/api/equipment/110,1,http://www.dnd5eapi.co/api/equipment/149,1,http://www.dnd5eapi.co/api/equipment/150,10,http://www.dnd5eapi.co/api/equipment/133,10,http://www.dnd5eapi.co/api/equipment/152,1,http://www.dnd5eapi.co/api/equipment/106,1,,,,,,,,,,,,,
159,Priest's Pack,Adventuring Gear,,,,19,gp,,,,,,,,,,,,http://www.dnd5eapi.co/api/equipment/159,,,,,,,,,,,,,,,,,,Equipment Pack,,,,,,http://www.dnd5eapi.co/api/equipment/65,1,http://www.dnd5eapi.co/api/equipment/71,1,http://www.dnd5eapi.co/api/equipment/77,10,http://www.dnd5eapi.co/api/equipment/149,1,http://www.dnd5eapi.co/api/equipment/133,2,http://www.dnd5eapi.co/api/equipment/152,1,,,,,,,,,,,,,,,,,
160,Scholar's Pack,Adventuring Gear,,,,40,gp,,,,,,,,,,,,http://www.dnd5eapi.co/api/equipment/160,,,,,,,,,,,,,,,,,,Equipment Pack,,,,,,http://www.dnd5eapi.co/api/equipment/65,1,http://www.dnd5eapi.co/api/equipment/73,1,http://www.dnd5eapi.co/api/equipment/102,1,http://www.dnd5eapi.co/api/equipment/103,1,http://www.dnd5eapi.co/api/equipment/122,10,,,,,,,,,,,,,,,,,,,
161,Alchemist's supplies,Tools,,,,50,gp,,,,,,,8,,,,,http://www.dnd5eapi.co/api/equipment/161,,,,,,,,,,,,,,,,,,,"These special tools include the items needed to pursue a craft or trade. The table shows examples of the most common types of tools, each providing items related to a single craft. Proficiency with a set of artisan's tools lets you add your proficiency bonus to any ability checks you make using the tools in your craft. Each type of artisan's tools requires a separate proficiency.",,,,,,,,,,,,,,,,,,,,,,,,,,,,,Artisan's Tools,,,,
162,Brewer's supplies,Tools,,,,20,gp,,,,,,,9,,,,,http://www.dnd5eapi.co/api/equipment/162,,,,,,,,,,,,,,,,,,,"These special tools include the items needed to pursue a craft or trade. The table shows examples of the most common types of tools, each providing items related to a single craft. Proficiency with a set of artisan's tools lets you add your proficiency bonus to any ability checks you make using the tools in your craft. Each type of artisan's tools requires a separate proficiency.",,,,,,,,,,,,,,,,,,,,,,,,,,,,,Artisan's Tools,,,,
163,Calligrapher's supplies,Tools,,,,10,gp,,,,,,,5,,,,,http://www.dnd5eapi.co/api/equipment/163,,,,,,,,,,,,,,,,,,,"These special tools include the items needed to pursue a craft or trade. The table shows examples of the most common types of tools, each providing items related to a single craft. Proficiency with a set of artisan's tools lets you add your proficiency bonus to any ability checks you make using the tools in your craft. Each type of artisan's tools requires a separate proficiency.",,,,,,,,,,,,,,,,,,,,,,,,,,,,,Artisan's Tools,,,,
164,Carpenter's tools,Tools,,,,8,gp,,,,,,,6,,,,,http://www.dnd5eapi.co/api/equipment/164,,,,,,,,,,,,,,,,,,,"These special tools include the items needed to pursue a craft or trade. The table shows examples of the most common types of tools, each providing items related to a single craft. Proficiency with a set of artisan's tools lets you add your proficiency bonus to any ability checks you make using the tools in your craft. Each type of artisan's tools requires a separate proficiency.",,,,,,,,,,,,,,,,,,,,,,,,,,,,,Artisan's Tools,,,,
165,Cartographer's tools,Tools,,,,15,gp,,,,,,,6,,,,,http://www.dnd5eapi.co/api/equipment/165,,,,,,,,,,,,,,,,,,,"These special tools include the items needed to pursue a craft or trade. The table shows examples of the most common types of tools, each providing items related to a single craft. Proficiency with a set of artisan's tools lets you add your proficiency bonus to any ability checks you make using the tools in your craft. Each type of artisan's tools requires a separate proficiency.",,,,,,,,,,,,,,,,,,,,,,,,,,,,,Artisan's Tools,,,,
166,Cobbler's tools,Tools,,,,5,gp,,,,,,,5,,,,,http://www.dnd5eapi.co/api/equipment/166,,,,,,,,,,,,,,,,,,,"These special tools include the items needed to pursue a craft or trade. The table shows examples of the most common types of tools, each providing items related to a single craft. Proficiency with a set of artisan's tools lets you add your proficiency bonus to any ability checks you make using the tools in your craft. Each type of artisan's tools requires a separate proficiency.",,,,,,,,,,,,,,,,,,,,,,,,,,,,,Artisan's Tools,,,,
167,Cook's utensils,Tools,,,,1,gp,,,,,,,8,,,,,http://www.dnd5eapi.co/api/equipment/167,,,,,,,,,,,,,,,,,,,"These special tools include the items needed to pursue a craft or trade. The table shows examples of the most common types of tools, each providing items related to a single craft. Proficiency with a set of artisan's tools lets you add your proficiency bonus to any ability checks you make using the tools in your craft. Each type of artisan's tools requires a separate proficiency.",,,,,,,,,,,,,,,,,,,,,,,,,,,,,Artisan's Tools,,,,
168,Glassblower's tools,Tools,,,,30,gp,,,,,,,5,,,,,http://www.dnd5eapi.co/api/equipment/168,,,,,,,,,,,,,,,,,,,"These special tools include the items needed to pursue a craft or trade. The table shows examples of the most common types of tools, each providing items related to a single craft. Proficiency with a set of artisan's tools lets you add your proficiency bonus to any ability checks you make using the tools in your craft. Each type of artisan's tools requires a separate proficiency.",,,,,,,,,,,,,,,,,,,,,,,,,,,,,Artisan's Tools,,,,
169,Jeweler's tools,Tools,,,,25,gp,,,,,,,2,,,,,http://www.dnd5eapi.co/api/equipment/169,,,,,,,,,,,,,,,,,,,"These special tools include the items needed to pursue a craft or trade. The table shows examples of the most common types of tools, each providing items related to a single craft. Proficiency with a set of artisan's tools lets you add your proficiency bonus to any ability checks you make using the tools in your craft. Each type of artisan's tools requires a separate proficiency.",,,,,,,,,,,,,,,,,,,,,,,,,,,,,Artisan's Tools,,,,
170,Leatherworker's tools,Tools,,,,5,gp,,,,,,,5,,,,,http://www.dnd5eapi.co/api/equipment/170,,,,,,,,,,,,,,,,,,,"These special tools include the items needed to pursue a craft or trade. The table shows examples of the most common types of tools, each providing items related to a single craft. Proficiency with a set of artisan's tools lets you add your proficiency bonus to any ability checks you make using the tools in your craft. Each type of artisan's tools requires a separate proficiency.",,,,,,,,,,,,,,,,,,,,,,,,,,,,,Artisan's Tools,,,,
171,Mason's tools,Tools,,,,10,gp,,,,,,,8,,,,,http://www.dnd5eapi.co/api/equipment/171,,,,,,,,,,,,,,,,,,,"These special tools include the items needed to pursue a craft or trade. The table shows examples of the most common types of tools, each providing items related to a single craft. Proficiency with a set of artisan's tools lets you add your proficiency bonus to any ability checks you make using the tools in your craft. Each type of artisan's tools requires a separate proficiency.",,,,,,,,,,,,,,,,,,,,,,,,,,,,,Artisan's Tools,,,,
172,Painter's supplies,Tools,,,,10,gp,,,,,,,5,,,,,http://www.dnd5eapi.co/api/equipment/172,,,,,,,,,,,,,,,,,,,"These special tools include the items needed to pursue a craft or trade. The table shows examples of the most common types of tools, each providing items related to a single craft. Proficiency with a set of artisan's tools lets you add your proficiency bonus to any ability checks you make using the tools in your craft. Each type of artisan's tools requires a separate proficiency.",,,,,,,,,,,,,,,,,,,,,,,,,,,,,Artisan's Tools,,,,
173,Potter's tools,Tools,,,,10,gp,,,,,,,3,,,,,http://www.dnd5eapi.co/api/equipment/173,,,,,,,,,,,,,,,,,,,"These special tools include the items needed to pursue a craft or trade. The table shows examples of the most common types of tools, each providing items related to a single craft. Proficiency with a set of artisan's tools lets you add your proficiency bonus to any ability checks you make using the tools in your craft. Each type of artisan's tools requires a separate proficiency.",,,,,,,,,,,,,,,,,,,,,,,,,,,,,Artisan's Tools,,,,
174,Smith's tools,Tools,,,,20,gp,,,,,,,8,,,,,http://www.dnd5eapi.co/api/equipment/174,,,,,,,,,,,,,,,,,,,"These special tools include the items needed to pursue a craft or trade. The table shows examples of the most common types of tools, each providing items related to a single craft. Proficiency with a set of artisan's tools lets you add your proficiency bonus to any ability checks you make using the tools in your craft. Each type of artisan's tools requires a separate proficiency.",,,,,,,,,,,,,,,,,,,,,,,,,,,,,Artisan's Tools,,,,
175,Tinker's tools,Tools,,,,50,gp,,,,,,,10,,,,,http://www.dnd5eapi.co/api/equipment/175,,,,,,,,,,,,,,,,,,,"These special tools include the items needed to pursue a craft or trade. The table shows examples of the most common types of tools, each providing items related to a single craft. Proficiency with a set of artisan's tools lets you add your proficiency bonus to any ability checks you make using the tools in your craft. Each type of artisan's tools requires a separate proficiency.",,,,,,,,,,,,,,,,,,,,,,,,,,,,,Artisan's Tools,,,,
176,Weaver's tools,Tools,,,,1,gp,,,,,,,5,,,,,http://www.dnd5eapi.co/api/equipment/176,,,,,,,,,,,,,,,,,,,"These special tools include the items needed to pursue a craft or trade. The table shows examples of the most common types of tools, each providing items related to a single craft. Proficiency with a set of artisan's tools lets you add your proficiency bonus to any ability checks you make using the tools in your craft. Each type of artisan's tools requires a separate proficiency.",,,,,,,,,,,,,,,,,,,,,,,,,,,,,Artisan's Tools,,,,
177,Woodcarver's tools,Tools,,,,1,gp,,,,,,,5,,,,,http://www.dnd5eapi.co/api/equipment/177,,,,,,,,,,,,,,,,,,,"These special tools include the items needed to pursue a craft or trade. The table shows examples of the most common types of tools, each providing items related to a single craft. Proficiency with a set of artisan's tools lets you add your proficiency bonus to any ability checks you make using the tools in your craft. Each type of artisan's tools requires a separate proficiency.",,,,,,,,,,,,,,,,,,,,,,,,,,,,,Artisan's Tools,,,,
178,Dice set,Tools,,,,1,sp,,,,,,,0,,,,,http://www.dnd5eapi.co/api/equipment/178,,,,,,,,,,,,,,,,,,,"This item encompasses a wide range of game pieces, including dice and decks of cards (for games such as Three-Dragon Ante). A few common examples appear on the Tools table, but other kinds of gaming sets exist. If you are proficient with a gaming set, you can add your proficiency bonus to ability checks you make to play a game with that set. Each type of gaming set requires a separate proficiency.",,,,,,,,,,,,,,,,,,,,,,,,,,,,,Gaming Sets,,,,
179,Playing card set,Tools,,,,5,sp,,,,,,,0,,,,,http://www.dnd5eapi.co/api/equipment/179,,,,,,,,,,,,,,,,,,,"This item encompasses a wide range of game pieces, including dice and decks of cards (for games such as Three-Dragon Ante). A few common examples appear on the Tools table, but other kinds of gaming sets exist. If you are proficient with a gaming set, you can add your proficiency bonus to ability checks you make to play a game with that set. Each type of gaming set requires a separate proficiency.",,,,,,,,,,,,,,,,,,,,,,,,,,,,,Gaming Sets,,,,
180,Bagpipes,Tools,,,,30,gp,,,,,,,6,,,,,http://www.dnd5eapi.co/api/equipment/180,,,,,,,,,,,,,,,,,,,"Several of the most common types of musical instruments are shown on the table as examples. If you have proficiency with a given musical instrument, you can add your proficiency bonus to any ability checks you make to play music with the instrument. A bard can use a musical instrument as a spellcasting focus. Each type of musical instrument requires a separate proficiency.",,,,,,,,,,,,,,,,,,,,,,,,,,,,,Musical Instrument,,,,
181,Drum,Tools,,,,6,gp,,,,,,,3,,,,,http://www.dnd5eapi.co/api/equipment/181,,,,,,,,,,,,,,,,,,,"Several of the most common types of musical instruments are shown on the table as examples. If you have proficiency with a given musical instrument, you can add your proficiency bonus to any ability checks you make to play music with the instrument. A bard can use a musical instrument as a spellcasting focus. Each type of musical instrument requires a separate proficiency.",,,,,,,,,,,,,,,,,,,,,,,,,,,,,Musical Instrument,,,,
182,Dulcimer,Tools,,,,25,gp,,,,,,,10,,,,,http://www.dnd5eapi.co/api/equipment/182,,,,,,,,,,,,,,,,,,,"Several of the most common types of musical instruments are shown on the table as examples. If you have proficiency with a given musical instrument, you can add your proficiency bonus to any ability checks you make to play music with the instrument. A bard can use a musical instrument as a spellcasting focus. Each type of musical instrument requires a separate proficiency.",,,,,,,,,,,,,,,,,,,,,,,,,,,,,Musical Instrument,,,,
183,Flute,Tools,,,,2,gp,,,,,,,1,,,,,http://www.dnd5eapi.co/api/equipment/183,,,,,,,,,,,,,,,,,,,"Several of the most common types of musical instruments are shown on the table as examples. If you have proficiency with a given musical instrument, you can add your proficiency bonus to any ability checks you make to play music with the instrument. A bard can use a musical instrument as a spellcasting focus. Each type of musical instrument requires a separate proficiency.",,,,,,,,,,,,,,,,,,,,,,,,,,,,,Musical Instrument,,,,
184,Lute,Tools,,,,35,gp,,,,,,,2,,,,,http://www.dnd5eapi.co/api/equipment/184,,,,,,,,,,,,,,,,,,,"Several of the most common types of musical instruments are shown on the table as examples. If you have proficiency with a given musical instrument, you can add your proficiency bonus to any ability checks you make to play music with the instrument. A bard can use a musical instrument as a spellcasting focus. Each type of musical instrument requires a separate proficiency.",,,,,,,,,,,,,,,,,,,,,,,,,,,,,Musical Instrument,,,,
185,Lyre,Tools,,,,30,gp,,,,,,,2,,,,,http://www.dnd5eapi.co/api/equipment/185,,,,,,,,,,,,,,,,,,,"Several of the most common types of musical instruments are shown on the table as examples. If you have proficiency with a given musical instrument, you can add your proficiency bonus to any ability checks you make to play music with the instrument. A bard can use a musical instrument as a spellcasting focus. Each type of musical instrument requires a separate proficiency.",,,,,,,,,,,,,,,,,,,,,,,,,,,,,Musical Instrument,,,,
186,Horn,Tools,,,,3,gp,,,,,,,2,,,,,http://www.dnd5eapi.co/api/equipment/186,,,,,,,,,,,,,,,,,,,"Several of the most common types of musical instruments are shown on the table as examples. If you have proficiency with a given musical instrument, you can add your proficiency bonus to any ability checks you make to play music with the instrument. A bard can use a musical instrument as a spellcasting focus. Each type of musical instrument requires a separate proficiency.",,,,,,,,,,,,,,,,,,,,,,,,,,,,,Musical Instrument,,,,
187,Pan flute,Tools,,,,12,gp,,,,,,,2,,,,,http://www.dnd5eapi.co/api/equipment/187,,,,,,,,,,,,,,,,,,,"Several of the most common types of musical instruments are shown on the table as examples. If you have proficiency with a given musical instrument, you can add your proficiency bonus to any ability checks you make to play music with the instrument. A bard can use a musical instrument as a spellcasting focus. Each type of musical instrument requires a separate proficiency.",,,,,,,,,,,,,,,,,,,,,,,,,,,,,Musical Instrument,,,,
188,Shawm,Tools,,,,2,gp,,,,,,,1,,,,,http://www.dnd5eapi.co/api/equipment/188,,,,,,,,,,,,,,,,,,,"Several of the most common types of musical instruments are shown on the table as examples. If you have proficiency with a given musical instrument, you can add your proficiency bonus to any ability checks you make to play music with the instrument. A bard can use a musical instrument as a spellcasting focus. Each type of musical instrument requires a separate proficiency.",,,,,,,,,,,,,,,,,,,,,,,,,,,,,Musical Instrument,,,,
189,Viol,Tools,,,,30,gp,,,,,,,1,,,,,http://www.dnd5eapi.co/api/equipment/189,,,,,,,,,,,,,,,,,,,"Several of the most common types of musical instruments are shown on the table as examples. If you have proficiency with a given musical instrument, you can add your proficiency bonus to any ability checks you make to play music with the instrument. A bard can use a musical instrument as a spellcasting focus. Each type of musical instrument requires a separate proficiency.",,,,,,,,,,,,,,,,,,,,,,,,,,,,,Musical Instrument,,,,
190,Navigator's tools,Tools,,,,25,gp,,,,,,,2,,,,,http://www.dnd5eapi.co/api/equipment/190,,,,,,,,,,,,,,,,,,,"This set of instruments is used for navigation at sea. Proficiency with navigator's tools lets you chart a ship's course and follow navigation charts. In addition, these tools allow you to add your proficiency bonus to any ability check you make to avoid getting lost at sea.",,,,,,,,,,,,,,,,,,,,,,,,,,,,,Other Tools,,,,
191,Thieves' tools,Tools,,,,25,gp,,,,,,,1,,,,,http://www.dnd5eapi.co/api/equipment/191,,,,,,,,,,,,,,,,,,,"This set of tools includes a small file, a set of lock picks, a small mirror mounted on a metal handle, a set of narrow-bladed scissors, and a pair of pliers. Proficiency with these tools lets you add your proficiency bonus to any ability checks you make to disarm traps or open locks.",,,,,,,,,,,,,,,,,,,,,,,,,,,,,Other Tools,,,,
192,Camel,Mounts and Vehicles,,,,50,gp,,,,,,,,,,,,http://www.dnd5eapi.co/api/equipment/192,,,,,,,,,,,,,,,,,,,,,,,,,,,,,,,,,,,,,,,,,,,,,,,,,Mounts and Other Animals,50,ft/round,480 lb.
193,Donkey,Mounts and Vehicles,,,,8,gp,,,,,,,,,,,,http://www.dnd5eapi.co/api/equipment/193,,,,,,,,,,,,,,,,,,,,,,,,,,,,,,,,,,,,,,,,,,,,,,,,,Mounts and Other Animals,40,ft/round,420 lb.
194,Mule,Mounts and Vehicles,,,,8,gp,,,,,,,,,,,,http://www.dnd5eapi.co/api/equipment/194,,,,,,,,,,,,,,,,,,,,,,,,,,,,,,,,,,,,,,,,,,,,,,,,,Mounts and Other Animals,40,ft/round,420 lb.
195,Elephant,Mounts and Vehicles,,,,200,gp,,,,,,,,,,,,http://www.dnd5eapi.co/api/equipment/195,,,,,,,,,,,,,,,,,,,,,,,,,,,,,,,,,,,,,,,,,,,,,,,,,Mounts and Other Animals,40,ft/round,"1,320 lb."
196,"Horse, draft",Mounts and Vehicles,,,,50,gp,,,,,,,,,,,,http://www.dnd5eapi.co/api/equipment/196,,,,,,,,,,,,,,,,,,,,,,,,,,,,,,,,,,,,,,,,,,,,,,,,,Mounts and Other Animals,40,ft/round,540 lb.
197,"Horse, riding",Mounts and Vehicles,,,,75,gp,,,,,,,,,,,,http://www.dnd5eapi.co/api/equipment/197,,,,,,,,,,,,,,,,,,,,,,,,,,,,,,,,,,,,,,,,,,,,,,,,,Mounts and Other Animals,60,ft/round,480 lb.
198,Mastiff,Mounts and Vehicles,,,,25,gp,,,,,,,,,,,,http://www.dnd5eapi.co/api/equipment/198,,,,,,,,,,,,,,,,,,,,,,,,,,,,,,,,,,,,,,,,,,,,,,,,,Mounts and Other Animals,40,ft/round,195 lb.
199,Pony,Mounts and Vehicles,,,,30,gp,,,,,,,,,,,,http://www.dnd5eapi.co/api/equipment/199,,,,,,,,,,,,,,,,,,,,,,,,,,,,,,,,,,,,,,,,,,,,,,,,,Mounts and Other Animals,40,ft/round,225 lb.
200,Warhorse,Mounts and Vehicles,,,,400,gp,,,,,,,,,,,,http://www.dnd5eapi.co/api/equipment/200,,,,,,,,,,,,,,,,,,,,,,,,,,,,,,,,,,,,,,,,,,,,,,,,,Mounts and Other Animals,60,ft/round,540 lb.
201,Barding: Padded,Mounts and Vehicles,,,,20,gp,,,,,,,16,,,,,http://www.dnd5eapi.co/api/equipment/201,,,,,,,,,,,,,,,,,,,"Barding is armor designed to protect an animal's head, neck, chest, and body. Any type of armor shown on the Armor table can be purchased as barding. The cost is four times the equivalent armor made for humanoids, and it weighs twice as much.",,,,,,,,,,,,,,,,,,,,,,,,,,,,,,"Tack, Harness, and Drawn Vehicles",,,
202,Barding: Leather,Mounts and Vehicles,,,,40,gp,,,,,,,20,,,,,http://www.dnd5eapi.co/api/equipment/202,,,,,,,,,,,,,,,,,,,"Barding is armor designed to protect an animal's head, neck, chest, and body. Any type of armor shown on the Armor table can be purchased as barding. The cost is four times the equivalent armor made for humanoids, and it weighs twice as much.",,,,,,,,,,,,,,,,,,,,,,,,,,,,,,"Tack, Harness, and Drawn Vehicles",,,
203,Barding: Studded Leather,Mounts and Vehicles,,,,180,gp,,,,,,,26,,,,,http://www.dnd5eapi.co/api/equipment/203,,,,,,,,,,,,,,,,,,,"Barding is armor designed to protect an animal's head, neck, chest, and body. Any type of armor shown on the Armor table can be purchased as barding. The cost is four times the equivalent armor made for humanoids, and it weighs twice as much.",,,,,,,,,,,,,,,,,,,,,,,,,,,,,,"Tack, Harness, and Drawn Vehicles",,,
204,Barding: Hide,Mounts and Vehicles,,,,40,gp,,,,,,,24,,,,,http://www.dnd5eapi.co/api/equipment/204,,,,,,,,,,,,,,,,,,,"Barding is armor designed to protect an animal's head, neck, chest, and body. Any type of armor shown on the Armor table can be purchased as barding. The cost is four times the equivalent armor made for humanoids, and it weighs twice as much.",,,,,,,,,,,,,,,,,,,,,,,,,,,,,,"Tack, Harness, and Drawn Vehicles",,,
205,Barding: Chain shirt,Mounts and Vehicles,,,,200,gp,,,,,,,40,,,,,http://www.dnd5eapi.co/api/equipment/205,,,,,,,,,,,,,,,,,,,"Barding is armor designed to protect an animal's head, neck, chest, and body. Any type of armor shown on the Armor table can be purchased as barding. The cost is four times the equivalent armor made for humanoids, and it weighs twice as much.",,,,,,,,,,,,,,,,,,,,,,,,,,,,,,"Tack, Harness, and Drawn Vehicles",,,
206,Barding: Scale mail,Mounts and Vehicles,,,,200,gp,,,,,,,90,,,,,http://www.dnd5eapi.co/api/equipment/206,,,,,,,,,,,,,,,,,,,"Barding is armor designed to protect an animal's head, neck, chest, and body. Any type of armor shown on the Armor table can be purchased as barding. The cost is four times the equivalent armor made for humanoids, and it weighs twice as much.",,,,,,,,,,,,,,,,,,,,,,,,,,,,,,"Tack, Harness, and Drawn Vehicles",,,
207,Barding: Breastplate,Mounts and Vehicles,,,,1600,gp,,,,,,,40,,,,,http://www.dnd5eapi.co/api/equipment/207,,,,,,,,,,,,,,,,,,,"Barding is armor designed to protect an animal's head, neck, chest, and body. Any type of armor shown on the Armor table can be purchased as barding. The cost is four times the equivalent armor made for humanoids, and it weighs twice as much.",,,,,,,,,,,,,,,,,,,,,,,,,,,,,,"Tack, Harness, and Drawn Vehicles",,,
208,Barding: Half plate,Mounts and Vehicles,,,,3000,gp,,,,,,,80,,,,,http://www.dnd5eapi.co/api/equipment/208,,,,,,,,,,,,,,,,,,,"Barding is armor designed to protect an animal's head, neck, chest, and body. Any type of armor shown on the Armor table can be purchased as barding. The cost is four times the equivalent armor made for humanoids, and it weighs twice as much.",,,,,,,,,,,,,,,,,,,,,,,,,,,,,,"Tack, Harness, and Drawn Vehicles",,,
209,Barding: Ring mail,Mounts and Vehicles,,,,12,gp,,,,,,,80,,,,,http://www.dnd5eapi.co/api/equipment/209,,,,,,,,,,,,,,,,,,,"Barding is armor designed to protect an animal's head, neck, chest, and body. Any type of armor shown on the Armor table can be purchased as barding. The cost is four times the equivalent armor made for humanoids, and it weighs twice as much.",,,,,,,,,,,,,,,,,,,,,,,,,,,,,,"Tack, Harness, and Drawn Vehicles",,,
210,Barding: Chain mail,Mounts and Vehicles,,,,300,gp,,,,,,,110,,,,,http://www.dnd5eapi.co/api/equipment/210,,,,,,,,,,,,,,,,,,,"Barding is armor designed to protect an animal's head, neck, chest, and body. Any type of armor shown on the Armor table can be purchased as barding. The cost is four times the equivalent armor made for humanoids, and it weighs twice as much.",,,,,,,,,,,,,,,,,,,,,,,,,,,,,,"Tack, Harness, and Drawn Vehicles",,,
211,Barding: Splint,Mounts and Vehicles,,,,800,gp,,,,,,,120,,,,,http://www.dnd5eapi.co/api/equipment/211,,,,,,,,,,,,,,,,,,,"Barding is armor designed to protect an animal's head, neck, chest, and body. Any type of armor shown on the Armor table can be purchased as barding. The cost is four times the equivalent armor made for humanoids, and it weighs twice as much.",,,,,,,,,,,,,,,,,,,,,,,,,,,,,,"Tack, Harness, and Drawn Vehicles",,,
212,Barding: Plate,Mounts and Vehicles,,,,6000,gp,,,,,,,130,,,,,http://www.dnd5eapi.co/api/equipment/212,,,,,,,,,,,,,,,,,,,"Barding is armor designed to protect an animal's head, neck, chest, and body. Any type of armor shown on the Armor table can be purchased as barding. The cost is four times the equivalent armor made for humanoids, and it weighs twice as much.",,,,,,,,,,,,,,,,,,,,,,,,,,,,,,"Tack, Harness, and Drawn Vehicles",,,
213,Bit and bridle,Mounts and Vehicles,,,,2,gp,,,,,,,1,,,,,http://www.dnd5eapi.co/api/equipment/213,,,,,,,,,,,,,,,,,,,,,,,,,,,,,,,,,,,,,,,,,,,,,,,,,"Tack, Harness, and Drawn Vehicles",,,
214,Carriage,Mounts and Vehicles,,,,100,gp,,,,,,,600,,,,,http://www.dnd5eapi.co/api/equipment/214,,,,,,,,,,,,,,,,,,,,,,,,,,,,,,,,,,,,,,,,,,,,,,,,,"Tack, Harness, and Drawn Vehicles",,,
215,Cart,Mounts and Vehicles,,,,15,gp,,,,,,,200,,,,,http://www.dnd5eapi.co/api/equipment/215,,,,,,,,,,,,,,,,,,,,,,,,,,,,,,,,,,,,,,,,,,,,,,,,,"Tack, Harness, and Drawn Vehicles",,,
216,Chariot,Mounts and Vehicles,,,,250,gp,,,,,,,100,,,,,http://www.dnd5eapi.co/api/equipment/216,,,,,,,,,,,,,,,,,,,,,,,,,,,,,,,,,,,,,,,,,,,,,,,,,"Tack, Harness, and Drawn Vehicles",,,
217,Animal Feed (1 day),Mounts and Vehicles,,,,5,cp,,,,,,,10,,,,,http://www.dnd5eapi.co/api/equipment/217,,,,,,,,,,,,,,,,,,,,,,,,,,,,,,,,,,,,,,,,,,,,,,,,,"Tack, Harness, and Drawn Vehicles",,,
218,"Saddle, Exotic",Mounts and Vehicles,,,,60,gp,,,,,,,50,,,,,http://www.dnd5eapi.co/api/equipment/218,,,,,,,,,,,,,,,,,,,"A military saddle braces the rider, helping you keep your seat on an active mount in battle. It gives you advantage on any check you make to remain mounted. An exotic saddle is required for riding any aquatic or flying mount.",,,,,,,,,,,,,,,,,,,,,,,,,,,,,,"Tack, Harness, and Drawn Vehicles",,,
219,"Saddle, Military",Mounts and Vehicles,,,,20,gp,,,,,,,30,,,,,http://www.dnd5eapi.co/api/equipment/219,,,,,,,,,,,,,,,,,,,"A military saddle braces the rider, helping you keep your seat on an active mount in battle. It gives you advantage on any check you make to remain mounted. An exotic saddle is required for riding any aquatic or flying mount.",,,,,,,,,,,,,,,,,,,,,,,,,,,,,,"Tack, Harness, and Drawn Vehicles",,,
220,"Saddle, Pack",Mounts and Vehicles,,,,5,gp,,,,,,,15,,,,,http://www.dnd5eapi.co/api/equipment/220,,,,,,,,,,,,,,,,,,,"A military saddle braces the rider, helping you keep your seat on an active mount in battle. It gives you advantage on any check you make to remain mounted. An exotic saddle is required for riding any aquatic or flying mount.",,,,,,,,,,,,,,,,,,,,,,,,,,,,,,"Tack, Harness, and Drawn Vehicles",,,
221,Riding,Mounts and Vehicles,,,,10,gp,,,,,,,25,,,,,http://www.dnd5eapi.co/api/equipment/221,,,,,,,,,,,,,,,,,,,,,,,,,,,,,,,,,,,,,,,,,,,,,,,,,"Tack, Harness, and Drawn Vehicles",,,
222,Saddlebags,Mounts and Vehicles,,,,4,gp,,,,,,,8,,,,,http://www.dnd5eapi.co/api/equipment/222,,,,,,,,,,,,,,,,,,,,,,,,,,,,,,,,,,,,,,,,,,,,,,,,,"Tack, Harness, and Drawn Vehicles",,,
223,Sled,Mounts and Vehicles,,,,20,gp,,,,,,,300,,,,,http://www.dnd5eapi.co/api/equipment/223,,,,,,,,,,,,,,,,,,,,,,,,,,,,,,,,,,,,,,,,,,,,,,,,,"Tack, Harness, and Drawn Vehicles",,,
224,Stabling (1 day),Mounts and Vehicles,,,,5,sp,,,,,,,0,,,,,http://www.dnd5eapi.co/api/equipment/224,,,,,,,,,,,,,,,,,,,,,,,,,,,,,,,,,,,,,,,,,,,,,,,,,"Tack, Harness, and Drawn Vehicles",,,
225,Wagon,Mounts and Vehicles,,,,35,gp,,,,,,,400,,,,,http://www.dnd5eapi.co/api/equipment/225,,,,,,,,,,,,,,,,,,,,,,,,,,,,,,,,,,,,,,,,,,,,,,,,,"Tack, Harness, and Drawn Vehicles",,,
226,Galley,Mounts and Vehicles,,,,30000,gp,,,,,,,,,,,,http://www.dnd5eapi.co/api/equipment/251,,,,,,,,,,,,,,,,,,,,,,,,,,,,,,,,,,,,,,,,,,,,,,,,,Waterborne Vehicles,4,mph,
227,Keelboat,Mounts and Vehicles,,,,3000,gp,,,,,,,,,,,,http://www.dnd5eapi.co/api/equipment/252,,,,,,,,,,,,,,,,,,,"Keelboats and rowboats are used on lakes and rivers. If going downstream, add the speed of the current (typically 3 miles per hour) to the speed of the vehicle. These vehicles can't be rowed against any significant current, but they can be pulled upstream by draft animals on the shores. A rowboat weighs 100 pounds, in case adventurers carry it over land.",,,,,,,,,,,,,,,,,,,,,,,,,,,,,,Waterborne Vehicles,1,mph,
228,Longship,Mounts and Vehicles,,,,10000,gp,,,,,,,,,,,,http://www.dnd5eapi.co/api/equipment/253,,,,,,,,,,,,,,,,,,,,,,,,,,,,,,,,,,,,,,,,,,,,,,,,,Waterborne Vehicles,3,mph,
229,Rowboat,Mounts and Vehicles,,,,50,gp,,,,,,,,,,,,http://www.dnd5eapi.co/api/equipment/254,,,,,,,,,,,,,,,,,,,"Keelboats and rowboats are used on lakes and rivers. If going downstream, add the speed of the current (typically 3 miles per hour) to the speed of the vehicle. These vehicles can't be rowed against any significant current, but they can be pulled upstream by draft animals on the shores. A rowboat weighs 100 pounds, in case adventurers carry it over land.",,,,,,,,,,,,,,,,,,,,,,,,,,,,,,Waterborne Vehicles,1.5,mph,
230,Sailing ship,Mounts and Vehicles,,,,10000,gp,,,,,,,,,,,,http://www.dnd5eapi.co/api/equipment/255,,,,,,,,,,,,,,,,,,,,,,,,,,,,,,,,,,,,,,,,,,,,,,,,,Waterborne Vehicles,2,mph,
231,Warship,Mounts and Vehicles,,,,25000,gp,,,,,,,,,,,,http://www.dnd5eapi.co/api/equipment/256,,,,,,,,,,,,,,,,,,,,,,,,,,,,,,,,,,,,,,,,,,,,,,,,,Waterborne Vehicles,2.5,mph,
