level,ability_score_bonuses,prof_bonus,features/0/name,features/0/url,features/1/name,features/1/url,class_specific/rage_count,class_specific/rage_damage_bonus,class_specific/brutal_critical_dice,index,class/name,class/url,url,features/2/name,features/2/url,spellcasting/cantrips_known,spellcasting/spells_known,spellcasting/spell_slots_level_1,spellcasting/spell_slots_level_2,spellcasting/spell_slots_level_3,spellcasting/spell_slots_level_4,spellcasting/spell_slots_level_5,spellcasting/spell_slots_level_6,spellcasting/spell_slots_level_7,spellcasting/spell_slots_level_8,spellcasting/spell_slots_level_9,class_specific/bardic_inspiration_die,class_specific/song_of_rest_die,class_specific/magical_secrets_max_5,class_specific/magical_secrets_max_7,class_specific/magical_secrets_max_9,feature_choices/0/name,feature_choices/0/url,class_specific/channel_divinity_charges,class_specific/destroy_undead_cr,class_specific/wild_shape_max_cr,class_specific/wild_shape_swim,class_specific/wild_shape_fly,class_specific/action_surges,class_specific/indomitable_uses,class_specific/extra_attacks,class_specific/martial_arts/dice_count,class_specific/martial_arts/dice_value,class_specific/ki_points,class_specific/unarmored_movement,features/3/name,features/3/url,features/4/name,features/4/url,class_specific/aura_range,spell_slots_level_1,spell_slots_level_2,spell_slots_level_3,spell_slots_level_4,spell_slots_level_5,aura_range,class_specific/favored_enemies,class_specific/favored_terrain,class_specific/sneak_attack/dice_count,class_specific/sneak_attack/dice_value,class_specific/sorcery_points,class_specific/metamagic_known,class_specific/creating_spell_slots/0/spell_slot_level,class_specific/creating_spell_slots/0/sorcery_point_cost,class_specific/creating_spell_slots/1/spell_slot_level,class_specific/creating_spell_slots/1/sorcery_point_cost,class_specific/creating_spell_slots/2/spell_slot_level,class_specific/creating_spell_slots/2/sorcery_point_cost,class_specific/creating_spell_slots/3/spell_slot_level,class_specific/creating_spell_slots/3/sorcery_point_cost,class_specific/creating_spell_slots/4/spell_slot_level,class_specific/creating_spell_slots/4/sorcery_point_cost,class_specific/invocations_known,class_specific/mystic_arcanum_level_6,class_specific/mystic_arcanum_level_7,class_specific/mystic_arcanum_level_8,class_specific/mystic_arcanum_level_9,class_specific/arcane_recovery_levels,subclass/name,subclass/url,subclass_specific/additional_magical_secrets_max_lvl
1,0,2,Rage,http://www.dnd5eapi.co/api/features/1,Unarmored Defense,http://www.dnd5eapi.co/api/features/2,2,2,0,1,Barbarian,http://www.dnd5eapi.co/api/classes/barbarian,http://www.dnd5eapi.co/api/classes/barbarian/level/1,,,,,,,,,,,,,,,,,,,,,,,,,,,,,,,,,,,,,,,,,,,,,,,,,,,,,,,,,,,,,,,,,,,,
2,0,2,Reckless Attack,http://www.dnd5eapi.co/api/features/3,Danger Sense,http://www.dnd5eapi.co/api/features/4,2,2,0,2,Barbarian,http://www.dnd5eapi.co/api/classes/barbarian,http://www.dnd5eapi.co/api/classes/barbarian/level/2,,,,,,,,,,,,,,,,,,,,,,,,,,,,,,,,,,,,,,,,,,,,,,,,,,,,,,,,,,,,,,,,,,,,
3,0,2,Primal Path,http://www.dnd5eapi.co/api/features/5,,,3,2,0,3,Barbarian,http://www.dnd5eapi.co/api/classes/barbarian,http://www.dnd5eapi.co/api/classes/barbarian/level/3,,,,,,,,,,,,,,,,,,,,,,,,,,,,,,,,,,,,,,,,,,,,,,,,,,,,,,,,,,,,,,,,,,,,
4,1,2,Ability Score Improvement 1,http://www.dnd5eapi.co/api/features/7,,,3,2,0,4,Barbarian,http://www.dnd5eapi.co/api/classes/barbarian,http://www.dnd5eapi.co/api/classes/barbarian/level/4,,,,,,,,,,,,,,,,,,,,,,,,,,,,,,,,,,,,,,,,,,,,,,,,,,,,,,,,,,,,,,,,,,,,
5,1,3,Extra Attack,http://www.dnd5eapi.co/api/features/8,Fast Movement,http://www.dnd5eapi.co/api/features/9,3,2,0,5,Barbarian,http://www.dnd5eapi.co/api/classes/barbarian,http://www.dnd5eapi.co/api/classes/barbarian/level/5,,,,,,,,,,,,,,,,,,,,,,,,,,,,,,,,,,,,,,,,,,,,,,,,,,,,,,,,,,,,,,,,,,,,
6,1,3,,,,,4,2,0,6,Barbarian,http://www.dnd5eapi.co/api/classes/barbarian,http://www.dnd5eapi.co/api/classes/barbarian/level/6,,,,,,,,,,,,,,,,,,,,,,,,,,,,,,,,,,,,,,,,,,,,,,,,,,,,,,,,,,,,,,,,,,,,
7,1,3,Mindless Rage,http://www.dnd5eapi.co/api/features/10,,,4,2,0,7,Barbarian,http://www.dnd5eapi.co/api/classes/barbarian,http://www.dnd5eapi.co/api/classes/barbarian/level/7,,,,,,,,,,,,,,,,,,,,,,,,,,,,,,,,,,,,,,,,,,,,,,,,,,,,,,,,,,,,,,,,,,,,
8,2,3,Feral Instinct,http://www.dnd5eapi.co/api/features/11,,,4,2,0,8,Barbarian,http://www.dnd5eapi.co/api/classes/barbarian,http://www.dnd5eapi.co/api/classes/barbarian/level/8,,,,,,,,,,,,,,,,,,,,,,,,,,,,,,,,,,,,,,,,,,,,,,,,,,,,,,,,,,,,,,,,,,,,
9,2,4,Ability Score Improvement 2,http://www.dnd5eapi.co/api/features/12,,,4,3,1,9,Barbarian,http://www.dnd5eapi.co/api/classes/barbarian,http://www.dnd5eapi.co/api/classes/barbarian/level/9,,,,,,,,,,,,,,,,,,,,,,,,,,,,,,,,,,,,,,,,,,,,,,,,,,,,,,,,,,,,,,,,,,,,
10,2,4,,,,,4,3,1,10,Barbarian,http://www.dnd5eapi.co/api/classes/barbarian,http://www.dnd5eapi.co/api/classes/barbarian/level/10,,,,,,,,,,,,,,,,,,,,,,,,,,,,,,,,,,,,,,,,,,,,,,,,,,,,,,,,,,,,,,,,,,,,
11,2,4,Relentless Rage,http://www.dnd5eapi.co/api/features/15,,,4,3,1,11,Barbarian,http://www.dnd5eapi.co/api/classes/barbarian,http://www.dnd5eapi.co/api/classes/barbarian/level/11,,,,,,,,,,,,,,,,,,,,,,,,,,,,,,,,,,,,,,,,,,,,,,,,,,,,,,,,,,,,,,,,,,,,
12,3,4,Ability Score Improvement 3,http://www.dnd5eapi.co/api/features/16,,,5,3,1,12,Barbarian,http://www.dnd5eapi.co/api/classes/barbarian,http://www.dnd5eapi.co/api/classes/barbarian/level/12,,,,,,,,,,,,,,,,,,,,,,,,,,,,,,,,,,,,,,,,,,,,,,,,,,,,,,,,,,,,,,,,,,,,
13,3,5,Brutal Critical (2 dice),http://www.dnd5eapi.co/api/features/17,,,5,3,2,13,Barbarian,http://www.dnd5eapi.co/api/classes/barbarian,http://www.dnd5eapi.co/api/classes/barbarian/level/13,,,,,,,,,,,,,,,,,,,,,,,,,,,,,,,,,,,,,,,,,,,,,,,,,,,,,,,,,,,,,,,,,,,,
14,3,5,,,,,5,3,2,14,Barbarian,http://www.dnd5eapi.co/api/classes/barbarian,http://www.dnd5eapi.co/api/classes/barbarian/level/14,,,,,,,,,,,,,,,,,,,,,,,,,,,,,,,,,,,,,,,,,,,,,,,,,,,,,,,,,,,,,,,,,,,,
15,3,5,Persistent Rage,http://www.dnd5eapi.co/api/features/19,,,5,3,2,15,Barbarian,http://www.dnd5eapi.co/api/classes/barbarian,http://www.dnd5eapi.co/api/classes/barbarian/level/15,,,,,,,,,,,,,,,,,,,,,,,,,,,,,,,,,,,,,,,,,,,,,,,,,,,,,,,,,,,,,,,,,,,,
16,4,5,Ability Score Improvement 4,http://www.dnd5eapi.co/api/features/20,,,5,4,2,16,Barbarian,http://www.dnd5eapi.co/api/classes/barbarian,http://www.dnd5eapi.co/api/classes/barbarian/level/16,,,,,,,,,,,,,,,,,,,,,,,,,,,,,,,,,,,,,,,,,,,,,,,,,,,,,,,,,,,,,,,,,,,,
17,4,6,Brutal Critical (3 dice),http://www.dnd5eapi.co/api/features/21,,,6,4,3,17,Barbarian,http://www.dnd5eapi.co/api/classes/barbarian,http://www.dnd5eapi.co/api/classes/barbarian/level/17,,,,,,,,,,,,,,,,,,,,,,,,,,,,,,,,,,,,,,,,,,,,,,,,,,,,,,,,,,,,,,,,,,,,
18,4,6,Indomitable Might,http://www.dnd5eapi.co/api/features/22,,,6,4,3,18,Barbarian,http://www.dnd5eapi.co/api/classes/barbarian,http://www.dnd5eapi.co/api/classes/barbarian/level/18,,,,,,,,,,,,,,,,,,,,,,,,,,,,,,,,,,,,,,,,,,,,,,,,,,,,,,,,,,,,,,,,,,,,
19,5,6,Ability Score Improvement 5,http://www.dnd5eapi.co/api/features/23,,,6,4,3,19,Barbarian,http://www.dnd5eapi.co/api/classes/barbarian,http://www.dnd5eapi.co/api/classes/barbarian/level/19,,,,,,,,,,,,,,,,,,,,,,,,,,,,,,,,,,,,,,,,,,,,,,,,,,,,,,,,,,,,,,,,,,,,
20,5,6,Fast Movement,http://www.dnd5eapi.co/api/features/24,,,9999,4,3,20,Barbarian,http://www.dnd5eapi.co/api/classes/barbarian,http://www.dnd5eapi.co/api/classes/barbarian/level/20,,,,,,,,,,,,,,,,,,,,,,,,,,,,,,,,,,,,,,,,,,,,,,,,,,,,,,,,,,,,,,,,,,,,
1,0,2,Spellcasting,http://www.dnd5eapi.co/api/features/25,Bardic Inspiration (d6),http://www.dnd5eapi.co/api/features/26,,,,21,Bard,http://www.dnd5eapi.co/api/classes/bard,http://www.dnd5eapi.co/api/classes/bard/level/1,Superior Inspiration,http://www.dnd5eapi.co/api/features/70,2,4,2,0,0,0,0,0,0,0,0,6,0,0,0,0,,,,,,,,,,,,,,,,,,,,,,,,,,,,,,,,,,,,,,,,,,,,,,,,,,
2,0,2,Jack of All Trades,http://www.dnd5eapi.co/api/features/27,Song of Rest (d6),http://www.dnd5eapi.co/api/features/28,,,,22,Bard,http://www.dnd5eapi.co/api/classes/bard,http://www.dnd5eapi.co/api/classes/bard/level/2,,,2,5,3,0,0,0,0,0,0,0,0,6,6,0,0,0,,,,,,,,,,,,,,,,,,,,,,,,,,,,,,,,,,,,,,,,,,,,,,,,,,
3,0,2,Bard College,http://www.dnd5eapi.co/api/features/29,,,,,,23,Bard,http://www.dnd5eapi.co/api/classes/bard,http://www.dnd5eapi.co/api/classes/bard/level/3,,,2,6,4,2,0,0,0,0,0,0,0,6,6,0,0,0,Choose: Expertise 1,http://www.dnd5eapi.co/api/features/32,,,,,,,,,,,,,,,,,,,,,,,,,,,,,,,,,,,,,,,,,,,,,,,,
4,1,2,Ability Score Improvement 1,http://www.dnd5eapi.co/api/features/51,,,,,,24,Bard,http://www.dnd5eapi.co/api/classes/bard,http://www.dnd5eapi.co/api/classes/bard/level/4,,,3,7,4,3,0,0,0,0,0,0,0,6,6,0,0,0,,,,,,,,,,,,,,,,,,,,,,,,,,,,,,,,,,,,,,,,,,,,,,,,,,
5,1,3,Bardic Inspiration (d8),http://www.dnd5eapi.co/api/features/52,Font of Inspiration,http://www.dnd5eapi.co/api/features/53,,,,25,Bard,http://www.dnd5eapi.co/api/classes/bard,http://www.dnd5eapi.co/api/classes/bard/level/5,,,3,8,4,3,2,0,0,0,0,0,0,8,6,0,0,0,,,,,,,,,,,,,,,,,,,,,,,,,,,,,,,,,,,,,,,,,,,,,,,,,,
6,1,3,,,,,,,,26,Bard,http://www.dnd5eapi.co/api/classes/bard,http://www.dnd5eapi.co/api/classes/bard/level/6,,,3,9,4,3,3,0,0,0,0,0,0,8,6,0,0,0,,,,,,,,,,,,,,,,,,,,,,,,,,,,,,,,,,,,,,,,,,,,,,,,,,
7,1,3,Countercharm,http://www.dnd5eapi.co/api/features/54,,,,,,27,Bard,http://www.dnd5eapi.co/api/classes/bard,http://www.dnd5eapi.co/api/classes/bard/level/7,,,3,10,4,3,3,1,0,0,0,0,0,8,6,0,0,0,,,,,,,,,,,,,,,,,,,,,,,,,,,,,,,,,,,,,,,,,,,,,,,,,,
8,2,3,Ability Score Improvement 2,http://www.dnd5eapi.co/api/features/56,,,,,,28,Bard,http://www.dnd5eapi.co/api/classes/bard,http://www.dnd5eapi.co/api/classes/bard/level/8,,,3,11,4,3,3,2,0,0,0,0,0,8,6,0,0,0,,,,,,,,,,,,,,,,,,,,,,,,,,,,,,,,,,,,,,,,,,,,,,,,,,
9,2,4,Song of Rest (d8),http://www.dnd5eapi.co/api/features/57,,,,,,29,Bard,http://www.dnd5eapi.co/api/classes/bard,http://www.dnd5eapi.co/api/classes/bard/level/9,,,3,12,4,3,3,3,1,0,0,0,0,8,8,0,0,0,,,,,,,,,,,,,,,,,,,,,,,,,,,,,,,,,,,,,,,,,,,,,,,,,,
10,2,4,Bardic Inspiration (d10),http://www.dnd5eapi.co/api/features/58,Magical Secrets 1,http://www.dnd5eapi.co/api/features/60,,,,30,Bard,http://www.dnd5eapi.co/api/classes/bard,http://www.dnd5eapi.co/api/classes/bard/level/10,,,4,14,4,3,3,3,2,0,0,0,0,10,8,2,0,0,Choose: Expertise 2,http://www.dnd5eapi.co/api/features/59,,,,,,,,,,,,,,,,,,,,,,,,,,,,,,,,,,,,,,,,,,,,,,,,
11,2,4,,,,,,,,31,Bard,http://www.dnd5eapi.co/api/classes/bard,http://www.dnd5eapi.co/api/classes/bard/level/11,,,4,15,4,3,3,3,2,1,0,0,0,10,8,2,0,0,,,,,,,,,,,,,,,,,,,,,,,,,,,,,,,,,,,,,,,,,,,,,,,,,,
12,3,4,Ability Score Improvement 3,http://www.dnd5eapi.co/api/features/61,,,,,,32,Bard,http://www.dnd5eapi.co/api/classes/bard,http://www.dnd5eapi.co/api/classes/bard/level/12,,,4,15,4,3,3,3,2,1,0,0,0,10,8,2,0,0,,,,,,,,,,,,,,,,,,,,,,,,,,,,,,,,,,,,,,,,,,,,,,,,,,
13,3,5,Song of Rest (d10),http://www.dnd5eapi.co/api/features/62,,,,,,33,Bard,http://www.dnd5eapi.co/api/classes/bard,http://www.dnd5eapi.co/api/classes/bard/level/13,,,4,16,4,3,3,3,2,1,1,0,0,10,10,2,0,0,,,,,,,,,,,,,,,,,,,,,,,,,,,,,,,,,,,,,,,,,,,,,,,,,,
14,3,5,Magical Secrets 2,http://www.dnd5eapi.co/api/features/63,,,,,,34,Bard,http://www.dnd5eapi.co/api/classes/bard,http://www.dnd5eapi.co/api/classes/bard/level/14,,,4,18,4,3,3,3,2,1,1,0,0,10,10,2,2,0,,,,,,,,,,,,,,,,,,,,,,,,,,,,,,,,,,,,,,,,,,,,,,,,,,
15,3,5,Bardic Inspiration (d12),http://www.dnd5eapi.co/api/features/65,,,,,,35,Bard,http://www.dnd5eapi.co/api/classes/bard,http://www.dnd5eapi.co/api/classes/bard/level/15,,,4,19,4,3,3,3,2,1,1,1,0,12,10,2,2,0,,,,,,,,,,,,,,,,,,,,,,,,,,,,,,,,,,,,,,,,,,,,,,,,,,
16,4,5,Ability Score Improvement 4,http://www.dnd5eapi.co/api/features/66,,,,,,36,Bard,http://www.dnd5eapi.co/api/classes/bard,http://www.dnd5eapi.co/api/classes/bard/level/16,,,4,19,4,3,3,3,2,1,1,1,0,12,10,2,2,0,,,,,,,,,,,,,,,,,,,,,,,,,,,,,,,,,,,,,,,,,,,,,,,,,,
17,4,6,Song of Rest (d12),http://www.dnd5eapi.co/api/features/67,,,,,,37,Bard,http://www.dnd5eapi.co/api/classes/bard,http://www.dnd5eapi.co/api/classes/bard/level/17,,,4,20,4,3,3,3,2,1,1,1,1,12,12,2,2,0,,,,,,,,,,,,,,,,,,,,,,,,,,,,,,,,,,,,,,,,,,,,,,,,,,
18,4,6,Magical Secrets 3,http://www.dnd5eapi.co/api/features/68,,,,,,38,Bard,http://www.dnd5eapi.co/api/classes/bard,http://www.dnd5eapi.co/api/classes/bard/level/18,,,4,22,4,3,3,3,3,1,1,1,1,12,12,2,2,2,,,,,,,,,,,,,,,,,,,,,,,,,,,,,,,,,,,,,,,,,,,,,,,,,,
19,5,6,Ability Score Improvement 5,http://www.dnd5eapi.co/api/features/69,,,,,,39,Bard,http://www.dnd5eapi.co/api/classes/bard,http://www.dnd5eapi.co/api/classes/bard/level/19,,,4,22,4,3,3,3,3,2,1,1,1,12,12,2,2,2,,,,,,,,,,,,,,,,,,,,,,,,,,,,,,,,,,,,,,,,,,,,,,,,,,
20,5,6,Superior Inspiration,http://www.dnd5eapi.co/api/features/70,,,,,,40,Bard,http://www.dnd5eapi.co/api/classes/bard,http://www.dnd5eapi.co/api/classes/bard/level/20,,,4,22,4,3,3,3,3,2,2,1,1,12,12,2,2,2,,,,,,,,,,,,,,,,,,,,,,,,,,,,,,,,,,,,,,,,,,,,,,,,,,
1,0,2,Spellcasting,http://www.dnd5eapi.co/api/features/71,Divine Domain,http://www.dnd5eapi.co/api/features/72,,,,41,Cleric,http://www.dnd5eapi.co/api/classes/cleric,http://www.dnd5eapi.co/api/classes/cleric/level/1,Domain Spells 1,http://www.dnd5eapi.co/api/features/73,3,4,2,0,0,0,0,0,0,0,0,,,,,,,,0,0,,,,,,,,,,,,,,,,,,,,,,,,,,,,,,,,,,,,,,,,,,,,,,
2,0,2,Channel Divinity (1/rest),http://www.dnd5eapi.co/api/features/76,Channel Divinity: Turn Undead,http://www.dnd5eapi.co/api/features/77,,,,42,Cleric,http://www.dnd5eapi.co/api/classes/cleric,http://www.dnd5eapi.co/api/classes/cleric/level/2,,,3,5,3,0,0,0,0,0,0,0,0,,,,,,,,1,0,,,,,,,,,,,,,,,,,,,,,,,,,,,,,,,,,,,,,,,,,,,,,,
3,0,2,Domain Spells 2,http://www.dnd5eapi.co/api/features/79,,,,,,43,Cleric,http://www.dnd5eapi.co/api/classes/cleric,http://www.dnd5eapi.co/api/classes/cleric/level/3,,,3,6,4,2,0,0,0,0,0,0,0,,,,,,,,1,0,,,,,,,,,,,,,,,,,,,,,,,,,,,,,,,,,,,,,,,,,,,,,,
4,1,2,Ability Score Improvement 1,http://www.dnd5eapi.co/api/features/80,,,,,,44,Cleric,http://www.dnd5eapi.co/api/classes/cleric,http://www.dnd5eapi.co/api/classes/cleric/level/4,,,4,7,4,3,0,0,0,0,0,0,0,,,,,,,,1,0,,,,,,,,,,,,,,,,,,,,,,,,,,,,,,,,,,,,,,,,,,,,,,
5,1,3,Domain Spells 3,http://www.dnd5eapi.co/api/features/81,Destroy Undead (CR 1/2 or below),http://www.dnd5eapi.co/api/features/82,,,,45,Cleric,http://www.dnd5eapi.co/api/classes/cleric,http://www.dnd5eapi.co/api/classes/cleric/level/5,,,4,8,4,3,2,0,0,0,0,0,0,,,,,,,,1,0.5,,,,,,,,,,,,,,,,,,,,,,,,,,,,,,,,,,,,,,,,,,,,,,
6,1,3,Channel Divinity (2/rest),http://www.dnd5eapi.co/api/features/83,,,,,,46,Cleric,http://www.dnd5eapi.co/api/classes/cleric,http://www.dnd5eapi.co/api/classes/cleric/level/6,,,4,9,4,3,3,0,0,0,0,0,0,,,,,,,,2,0.5,,,,,,,,,,,,,,,,,,,,,,,,,,,,,,,,,,,,,,,,,,,,,,
7,1,3,Domain Spells 4,http://www.dnd5eapi.co/api/features/85,,,,,,47,Cleric,http://www.dnd5eapi.co/api/classes/cleric,http://www.dnd5eapi.co/api/classes/cleric/level/7,,,4,10,4,3,3,1,0,0,0,0,0,,,,,,,,2,0.5,,,,,,,,,,,,,,,,,,,,,,,,,,,,,,,,,,,,,,,,,,,,,,
8,2,3,Ability Score Improvement 2,http://www.dnd5eapi.co/api/features/86,Destroy Undead (CR 1 or below),http://www.dnd5eapi.co/api/features/87,,,,48,Cleric,http://www.dnd5eapi.co/api/classes/cleric,http://www.dnd5eapi.co/api/classes/cleric/level/8,,,4,11,4,3,3,2,0,0,0,0,0,,,,,,,,2,1,,,,,,,,,,,,,,,,,,,,,,,,,,,,,,,,,,,,,,,,,,,,,,
9,2,4,Domain Spells 5,http://www.dnd5eapi.co/api/features/89,,,,,,49,Cleric,http://www.dnd5eapi.co/api/classes/cleric,http://www.dnd5eapi.co/api/classes/cleric/level/9,,,4,12,4,3,3,3,1,0,0,0,0,,,,,,,,2,1,,,,,,,,,,,,,,,,,,,,,,,,,,,,,,,,,,,,,,,,,,,,,,
10,2,4,Divine Intervention,http://www.dnd5eapi.co/api/features/90,,,,,,50,Cleric,http://www.dnd5eapi.co/api/classes/cleric,http://www.dnd5eapi.co/api/classes/cleric/level/10,,,5,14,4,3,3,3,2,0,0,0,0,,,,,,,,2,1,,,,,,,,,,,,,,,,,,,,,,,,,,,,,,,,,,,,,,,,,,,,,,
11,2,4,Destroy Undead (CR 2 or below),http://www.dnd5eapi.co/api/features/91,,,,,,51,Cleric,http://www.dnd5eapi.co/api/classes/cleric,http://www.dnd5eapi.co/api/classes/cleric/level/11,,,5,15,4,3,3,3,2,1,0,0,0,,,,,,,,2,2,,,,,,,,,,,,,,,,,,,,,,,,,,,,,,,,,,,,,,,,,,,,,,
12,3,4,Ability Score Improvement 3,http://www.dnd5eapi.co/api/features/92,,,,,,52,Cleric,http://www.dnd5eapi.co/api/classes/cleric,http://www.dnd5eapi.co/api/classes/cleric/level/12,,,5,15,4,3,3,3,2,1,0,0,0,,,,,,,,2,2,,,,,,,,,,,,,,,,,,,,,,,,,,,,,,,,,,,,,,,,,,,,,,
13,3,5,,,,,,,,53,Cleric,http://www.dnd5eapi.co/api/classes/cleric,http://www.dnd5eapi.co/api/classes/cleric/level/13,,,5,16,4,3,3,3,2,1,1,0,0,,,,,,,,2,2,,,,,,,,,,,,,,,,,,,,,,,,,,,,,,,,,,,,,,,,,,,,,,
14,3,5,Destroy Undead (CR 3 or below),http://www.dnd5eapi.co/api/features/93,,,,,,54,Cleric,http://www.dnd5eapi.co/api/classes/cleric,http://www.dnd5eapi.co/api/classes/cleric/level/14,,,5,18,4,3,3,3,2,1,1,0,0,,,,,,,,2,3,,,,,,,,,,,,,,,,,,,,,,,,,,,,,,,,,,,,,,,,,,,,,,
15,3,5,,,,,,,,55,Cleric,http://www.dnd5eapi.co/api/classes/cleric,http://www.dnd5eapi.co/api/classes/cleric/level/15,,,5,19,4,3,3,3,2,1,1,1,0,,,,,,,,2,3,,,,,,,,,,,,,,,,,,,,,,,,,,,,,,,,,,,,,,,,,,,,,,
16,4,5,Ability Score Improvement 4,http://www.dnd5eapi.co/api/features/94,,,,,,56,Cleric,http://www.dnd5eapi.co/api/classes/cleric,http://www.dnd5eapi.co/api/classes/cleric/level/16,,,5,19,4,3,3,3,2,1,1,1,0,,,,,,,,2,3,,,,,,,,,,,,,,,,,,,,,,,,,,,,,,,,,,,,,,,,,,,,,,
17,4,6,Destroy Undead (CR 4 or below),http://www.dnd5eapi.co/api/features/95,Supreme Healing,http://www.dnd5eapi.co/api/features/96,,,,57,Cleric,http://www.dnd5eapi.co/api/classes/cleric,http://www.dnd5eapi.co/api/classes/cleric/level/17,,,5,20,4,3,3,3,2,1,1,1,1,,,,,,,,2,4,,,,,,,,,,,,,,,,,,,,,,,,,,,,,,,,,,,,,,,,,,,,,,
18,4,6,Channel Divinity (3/rest),http://www.dnd5eapi.co/api/features/97,,,,,,58,Cleric,http://www.dnd5eapi.co/api/classes/cleric,http://www.dnd5eapi.co/api/classes/cleric/level/18,,,5,22,4,3,3,3,3,1,1,1,1,,,,,,,,3,4,,,,,,,,,,,,,,,,,,,,,,,,,,,,,,,,,,,,,,,,,,,,,,
19,5,6,Ability Score Improvement 5,http://www.dnd5eapi.co/api/features/98,,,,,,59,Cleric,http://www.dnd5eapi.co/api/classes/cleric,http://www.dnd5eapi.co/api/classes/cleric/level/19,,,5,22,4,3,3,3,3,2,1,1,1,,,,,,,,3,4,,,,,,,,,,,,,,,,,,,,,,,,,,,,,,,,,,,,,,,,,,,,,,
20,5,6,Divine Intervention Improvement,http://www.dnd5eapi.co/api/features/99,,,,,,60,Cleric,http://www.dnd5eapi.co/api/classes/cleric,http://www.dnd5eapi.co/api/classes/cleric/level/20,,,5,22,4,3,3,3,3,2,2,1,1,,,,,,,,3,4,,,,,,,,,,,,,,,,,,,,,,,,,,,,,,,,,,,,,,,,,,,,,,
1,0,2,Spellcasting,http://www.dnd5eapi.co/api/features/100,Druidic,http://www.dnd5eapi.co/api/features/101,,,,61,Druid,http://www.dnd5eapi.co/api/classes/druid,http://www.dnd5eapi.co/api/classes/druid/level/1,,,2,,2,0,0,0,0,0,0,0,0,,,,,,,,,,0,no,no,,,,,,,,,,,,,,,,,,,,,,,,,,,,,,,,,,,,,,,,,,,
2,0,2,"Wild Shape (CR 1/4 or below, no flying or swim speed)",http://www.dnd5eapi.co/api/features/102,Druid Circle,http://www.dnd5eapi.co/api/features/103,,,,62,Druid,http://www.dnd5eapi.co/api/classes/druid,http://www.dnd5eapi.co/api/classes/druid/level/2,,,2,,3,0,0,0,0,0,0,0,0,,,,,,,,,,0.25,no,no,,,,,,,,,,,,,,,,,,,,,,,,,,,,,,,,,,,,,,,,,,,
3,0,2,,,,,,,,63,Druid,http://www.dnd5eapi.co/api/classes/druid,http://www.dnd5eapi.co/api/classes/druid/level/3,,,2,,4,2,0,0,0,0,0,0,0,,,,,,,,,,0.25,no,no,,,,,,,,,,,,,,,,,,,,,,,,,,,,,,,,,,,,,,,,,,,
4,1,2,"Wild Shape (CR 1/2 or below, no flying speed)",http://www.dnd5eapi.co/api/features/115,Ability Score Improvement 1,http://www.dnd5eapi.co/api/features/116,,,,64,Druid,http://www.dnd5eapi.co/api/classes/druid,http://www.dnd5eapi.co/api/classes/druid/level/4,,,3,,4,3,0,0,0,0,0,0,0,,,,,,,,,,0.5,yes,no,,,,,,,,,,,,,,,,,,,,,,,,,,,,,,,,,,,,,,,,,,,
5,1,3,,,,,,,,65,Druid,http://www.dnd5eapi.co/api/classes/druid,http://www.dnd5eapi.co/api/classes/druid/level/5,,,3,,4,3,2,0,0,0,0,0,0,,,,,,,,,,0.5,yes,no,,,,,,,,,,,,,,,,,,,,,,,,,,,,,,,,,,,,,,,,,,,
6,1,3,,,,,,,,66,Druid,http://www.dnd5eapi.co/api/classes/druid,http://www.dnd5eapi.co/api/classes/druid/level/6,,,3,,4,3,3,0,0,0,0,0,0,,,,,,,,,,0.5,yes,no,,,,,,,,,,,,,,,,,,,,,,,,,,,,,,,,,,,,,,,,,,,
7,1,3,,,,,,,,67,Druid,http://www.dnd5eapi.co/api/classes/druid,http://www.dnd5eapi.co/api/classes/druid/level/7,,,3,,4,3,3,1,0,0,0,0,0,,,,,,,,,,1,yes,no,,,,,,,,,,,,,,,,,,,,,,,,,,,,,,,,,,,,,,,,,,,
8,2,3,Wild Shape (CR 1 or below),http://www.dnd5eapi.co/api/features/120,Ability Score Improvement 2,http://www.dnd5eapi.co/api/features/121,,,,68,Druid,http://www.dnd5eapi.co/api/classes/druid,http://www.dnd5eapi.co/api/classes/druid/level/8,,,3,,4,3,3,2,0,0,0,0,0,,,,,,,,,,1,yes,yes,,,,,,,,,,,,,,,,,,,,,,,,,,,,,,,,,,,,,,,,,,,
9,2,4,,,,,,,,69,Druid,http://www.dnd5eapi.co/api/classes/druid,http://www.dnd5eapi.co/api/classes/druid/level/9,,,3,,4,3,3,3,1,0,0,0,0,,,,,,,,,,1,yes,yes,,,,,,,,,,,,,,,,,,,,,,,,,,,,,,,,,,,,,,,,,,,
10,2,4,,,,,,,,70,Druid,http://www.dnd5eapi.co/api/classes/druid,http://www.dnd5eapi.co/api/classes/druid/level/10,,,4,,4,3,3,3,2,0,0,0,0,,,,,,,,,,1,yes,yes,,,,,,,,,,,,,,,,,,,,,,,,,,,,,,,,,,,,,,,,,,,
11,2,4,,,,,,,,71,Druid,http://www.dnd5eapi.co/api/classes/druid,http://www.dnd5eapi.co/api/classes/druid/level/11,,,4,,4,3,3,3,2,1,0,0,0,,,,,,,,,,1,yes,yes,,,,,,,,,,,,,,,,,,,,,,,,,,,,,,,,,,,,,,,,,,,
12,3,4,Ability Score Improvement 3,http://www.dnd5eapi.co/api/features/124,,,,,,72,Druid,http://www.dnd5eapi.co/api/classes/druid,http://www.dnd5eapi.co/api/classes/druid/level/12,,,4,,4,3,3,3,2,1,0,0,0,,,,,,,,,,1,yes,yes,,,,,,,,,,,,,,,,,,,,,,,,,,,,,,,,,,,,,,,,,,,
13,3,5,,,,,,,,73,Druid,http://www.dnd5eapi.co/api/classes/druid,http://www.dnd5eapi.co/api/classes/druid/level/13,,,4,,4,3,3,3,2,1,1,0,0,,,,,,,,,,1,yes,yes,,,,,,,,,,,,,,,,,,,,,,,,,,,,,,,,,,,,,,,,,,,
14,3,5,,,,,,,,74,Druid,http://www.dnd5eapi.co/api/classes/druid,http://www.dnd5eapi.co/api/classes/druid/level/14,,,4,,4,3,3,3,2,1,1,0,0,,,,,,,,,,1,yes,yes,,,,,,,,,,,,,,,,,,,,,,,,,,,,,,,,,,,,,,,,,,,
15,3,5,,,,,,,,75,Druid,http://www.dnd5eapi.co/api/classes/druid,http://www.dnd5eapi.co/api/classes/druid/level/15,,,4,,4,3,3,3,2,1,1,1,0,,,,,,,,,,1,yes,yes,,,,,,,,,,,,,,,,,,,,,,,,,,,,,,,,,,,,,,,,,,,
16,4,5,Ability Score Improvement 4,http://www.dnd5eapi.co/api/features/126,,,,,,76,Druid,http://www.dnd5eapi.co/api/classes/druid,http://www.dnd5eapi.co/api/classes/druid/level/16,,,4,,4,3,3,3,2,1,1,1,0,,,,,,,,,,1,yes,yes,,,,,,,,,,,,,,,,,,,,,,,,,,,,,,,,,,,,,,,,,,,
17,4,6,,,,,,,,77,Druid,http://www.dnd5eapi.co/api/classes/druid,http://www.dnd5eapi.co/api/classes/druid/level/17,,,4,,4,3,3,3,2,1,1,1,1,,,,,,,,,,1,yes,yes,,,,,,,,,,,,,,,,,,,,,,,,,,,,,,,,,,,,,,,,,,,
18,4,6,Timeless Body,http://www.dnd5eapi.co/api/features/127,Beast Spells,http://www.dnd5eapi.co/api/features/128,,,,78,Druid,http://www.dnd5eapi.co/api/classes/druid,http://www.dnd5eapi.co/api/classes/druid/level/18,,,4,,4,3,3,3,3,1,1,1,1,,,,,,,,,,1,yes,yes,,,,,,,,,,,,,,,,,,,,,,,,,,,,,,,,,,,,,,,,,,,
19,5,6,Ability Score Improvement 5,http://www.dnd5eapi.co/api/features/129,,,,,,79,Druid,http://www.dnd5eapi.co/api/classes/druid,http://www.dnd5eapi.co/api/classes/druid/level/19,,,4,,4,3,3,3,3,2,1,1,1,,,,,,,,,,1,yes,yes,,,,,,,,,,,,,,,,,,,,,,,,,,,,,,,,,,,,,,,,,,,
20,5,6,Archdruid,http://www.dnd5eapi.co/api/features/130,,,,,,80,Druid,http://www.dnd5eapi.co/api/classes/druid,http://www.dnd5eapi.co/api/classes/druid/level/20,,,4,,4,3,3,3,3,2,2,1,1,,,,,,,,,,1,yes,yes,,,,,,,,,,,,,,,,,,,,,,,,,,,,,,,,,,,,,,,,,,,
1,0,2,Second Wind,http://www.dnd5eapi.co/api/features/138,,,,,,81,Fighter,http://www.dnd5eapi.co/api/classes/fighter,http://www.dnd5eapi.co/api/classes/fighter/level/1,,,,,,,,,,,,,,,,,,,Choose: Fighting Style,http://www.dnd5eapi.co/api/features/131,,,,,,0,0,0,,,,,,,,,,,,,,,,,,,,,,,,,,,,,,,,,,,,,,,,
2,0,2,Action Surge (1 use),http://www.dnd5eapi.co/api/features/139,Action Surge (2 uses),http://www.dnd5eapi.co/api/features/155,,,,82,Fighter,http://www.dnd5eapi.co/api/classes/fighter,http://www.dnd5eapi.co/api/classes/fighter/level/2,,,,,,,,,,,,,,,,,,,,,,,,,,1,0,0,,,,,,,,,,,,,,,,,,,,,,,,,,,,,,,,,,,,,,,,
3,0,2,Martial Archetype,http://www.dnd5eapi.co/api/features/140,,,,,,83,Fighter,http://www.dnd5eapi.co/api/classes/fighter,http://www.dnd5eapi.co/api/classes/fighter/level/3,,,,,,,,,,,,,,,,,,,,,,,,,,1,0,0,,,,,,,,,,,,,,,,,,,,,,,,,,,,,,,,,,,,,,,,
4,1,2,Ability Score Improvement 1,http://www.dnd5eapi.co/api/features/142,,,,,,84,Fighter,http://www.dnd5eapi.co/api/classes/fighter,http://www.dnd5eapi.co/api/classes/fighter/level/4,,,,,,,,,,,,,,,,,,,,,,,,,,1,0,0,,,,,,,,,,,,,,,,,,,,,,,,,,,,,,,,,,,,,,,,
5,1,3,Extra Attack (1),http://www.dnd5eapi.co/api/features/143,,,,,,85,Fighter,http://www.dnd5eapi.co/api/classes/fighter,http://www.dnd5eapi.co/api/classes/fighter/level/5,,,,,,,,,,,,,,,,,,,,,,,,,,1,0,1,,,,,,,,,,,,,,,,,,,,,,,,,,,,,,,,,,,,,,,,
6,2,3,Ability Score Improvement 2,http://www.dnd5eapi.co/api/features/144,,,,,,86,Fighter,http://www.dnd5eapi.co/api/classes/fighter,http://www.dnd5eapi.co/api/classes/fighter/level/6,,,,,,,,,,,,,,,,,,,,,,,,,,1,0,1,,,,,,,,,,,,,,,,,,,,,,,,,,,,,,,,,,,,,,,,
7,2,3,,,,,,,,87,Fighter,http://www.dnd5eapi.co/api/classes/fighter,http://www.dnd5eapi.co/api/classes/fighter/level/7,,,,,,,,,,,,,,,,,,,,,,,,,,1,0,1,,,,,,,,,,,,,,,,,,,,,,,,,,,,,,,,,,,,,,,,
8,3,3,Ability Score Improvement 3,http://www.dnd5eapi.co/api/features/146,,,,,,88,Fighter,http://www.dnd5eapi.co/api/classes/fighter,http://www.dnd5eapi.co/api/classes/fighter/level/8,,,,,,,,,,,,,,,,,,,,,,,,,,1,0,1,,,,,,,,,,,,,,,,,,,,,,,,,,,,,,,,,,,,,,,,
9,3,4,Indomitable (1 use),http://www.dnd5eapi.co/api/features/147,,,,,,89,Fighter,http://www.dnd5eapi.co/api/classes/fighter,http://www.dnd5eapi.co/api/classes/fighter/level/9,,,,,,,,,,,,,,,,,,,,,,,,,,1,1,1,,,,,,,,,,,,,,,,,,,,,,,,,,,,,,,,,,,,,,,,
10,3,4,,,,,,,,90,Fighter,http://www.dnd5eapi.co/api/classes/fighter,http://www.dnd5eapi.co/api/classes/fighter/level/10,,,,,,,,,,,,,,,,,,,,,,,,,,1,1,1,,,,,,,,,,,,,,,,,,,,,,,,,,,,,,,,,,,,,,,,
11,3,4,Extra Attack (2),http://www.dnd5eapi.co/api/features/149,,,,,,91,Fighter,http://www.dnd5eapi.co/api/classes/fighter,http://www.dnd5eapi.co/api/classes/fighter/level/11,,,,,,,,,,,,,,,,,,,,,,,,,,1,1,2,,,,,,,,,,,,,,,,,,,,,,,,,,,,,,,,,,,,,,,,
12,4,4,Ability Score Improvement 4,http://www.dnd5eapi.co/api/features/150,,,,,,92,Fighter,http://www.dnd5eapi.co/api/classes/fighter,http://www.dnd5eapi.co/api/classes/fighter/level/12,,,,,,,,,,,,,,,,,,,,,,,,,,1,1,2,,,,,,,,,,,,,,,,,,,,,,,,,,,,,,,,,,,,,,,,
13,4,5,Indomitable (2 uses),http://www.dnd5eapi.co/api/features/151,,,,,,93,Fighter,http://www.dnd5eapi.co/api/classes/fighter,http://www.dnd5eapi.co/api/classes/fighter/level/13,,,,,,,,,,,,,,,,,,,,,,,,,,1,2,2,,,,,,,,,,,,,,,,,,,,,,,,,,,,,,,,,,,,,,,,
14,5,5,Ability Score Improvement 5,http://www.dnd5eapi.co/api/features/152,,,,,,94,Fighter,http://www.dnd5eapi.co/api/classes/fighter,http://www.dnd5eapi.co/api/classes/fighter/level/14,,,,,,,,,,,,,,,,,,,,,,,,,,1,2,2,,,,,,,,,,,,,,,,,,,,,,,,,,,,,,,,,,,,,,,,
15,5,5,,,,,,,,95,Fighter,http://www.dnd5eapi.co/api/classes/fighter,http://www.dnd5eapi.co/api/classes/fighter/level/15,,,,,,,,,,,,,,,,,,,,,,,,,,1,2,2,,,,,,,,,,,,,,,,,,,,,,,,,,,,,,,,,,,,,,,,
16,6,5,Ability Score Improvement 6,http://www.dnd5eapi.co/api/features/154,,,,,,96,Fighter,http://www.dnd5eapi.co/api/classes/fighter,http://www.dnd5eapi.co/api/classes/fighter/level/16,,,,,,,,,,,,,,,,,,,,,,,,,,1,2,2,,,,,,,,,,,,,,,,,,,,,,,,,,,,,,,,,,,,,,,,
17,6,6,Indomitable (3 uses),http://www.dnd5eapi.co/api/features/156,,,,,,97,Fighter,http://www.dnd5eapi.co/api/classes/fighter,http://www.dnd5eapi.co/api/classes/fighter/level/17,,,,,,,,,,,,,,,,,,,,,,,,,,2,3,2,,,,,,,,,,,,,,,,,,,,,,,,,,,,,,,,,,,,,,,,
18,6,6,,,,,,,,98,Fighter,http://www.dnd5eapi.co/api/classes/fighter,http://www.dnd5eapi.co/api/classes/fighter/level/18,,,,,,,,,,,,,,,,,,,,,,,,,,2,3,2,,,,,,,,,,,,,,,,,,,,,,,,,,,,,,,,,,,,,,,,
19,7,6,Ability Score Improvement 7,http://www.dnd5eapi.co/api/features/158,,,,,,99,Fighter,http://www.dnd5eapi.co/api/classes/fighter,http://www.dnd5eapi.co/api/classes/fighter/level/19,,,,,,,,,,,,,,,,,,,,,,,,,,2,3,2,,,,,,,,,,,,,,,,,,,,,,,,,,,,,,,,,,,,,,,,
20,7,6,Extra Attack (3),http://www.dnd5eapi.co/api/features/159,,,,,,100,Fighter,http://www.dnd5eapi.co/api/classes/fighter,http://www.dnd5eapi.co/api/classes/fighter/level/20,,,,,,,,,,,,,,,,,,,,,,,,,,2,3,3,,,,,,,,,,,,,,,,,,,,,,,,,,,,,,,,,,,,,,,,
1,0,2,Unarmored Defense,http://www.dnd5eapi.co/api/features/160,Martial Arts,http://www.dnd5eapi.co/api/features/161,,,,101,Monk,http://www.dnd5eapi.co/api/classes/monk,http://www.dnd5eapi.co/api/classes/monk/level/1,,,,,,,,,,,,,,,,,,,,,,,,,,,,,1,4,0,10,,,,,,,,,,,,,,,,,,,,,,,,,,,,,,,,,,,,
2,0,2,Ki,http://www.dnd5eapi.co/api/features/162,Flurry of Blows,http://www.dnd5eapi.co/api/features/163,,,,102,Monk,http://www.dnd5eapi.co/api/classes/monk,http://www.dnd5eapi.co/api/classes/monk/level/2,Patient Defense,http://www.dnd5eapi.co/api/features/164,,,,,,,,,,,,,,,,,,,,,,,,,,,1,4,2,10,Step of the Wind,http://www.dnd5eapi.co/api/features/165,Unarmored Movement 1,http://www.dnd5eapi.co/api/features/166,,,,,,,,,,,,,,,,,,,,,,,,,,,,,,,,
3,0,2,Monastic Tradition,http://www.dnd5eapi.co/api/features/167,Deflect Missiles,http://www.dnd5eapi.co/api/features/168,,,,103,Monk,http://www.dnd5eapi.co/api/classes/monk,http://www.dnd5eapi.co/api/classes/monk/level/3,,,,,,,,,,,,,,,,,,,,,,,,,,,,,1,4,3,10,,,,,,,,,,,,,,,,,,,,,,,,,,,,,,,,,,,,
4,1,2,Ability Score Improvement 1,http://www.dnd5eapi.co/api/features/170,Slow Fall,http://www.dnd5eapi.co/api/features/171,,,,104,Monk,http://www.dnd5eapi.co/api/classes/monk,http://www.dnd5eapi.co/api/classes/monk/level/4,,,,,,,,,,,,,,,,,,,,,,,,,,,,,1,4,4,10,,,,,,,,,,,,,,,,,,,,,,,,,,,,,,,,,,,,
5,1,3,Extra Attack,http://www.dnd5eapi.co/api/features/172,Stunning Strike,http://www.dnd5eapi.co/api/features/173,,,,105,Monk,http://www.dnd5eapi.co/api/classes/monk,http://www.dnd5eapi.co/api/classes/monk/level/5,,,,,,,,,,,,,,,,,,,,,,,,,,,,,1,6,5,15,,,,,,,,,,,,,,,,,,,,,,,,,,,,,,,,,,,,
6,1,3,Ki Empowered Strikes,http://www.dnd5eapi.co/api/features/174,,,,,,106,Monk,http://www.dnd5eapi.co/api/classes/monk,http://www.dnd5eapi.co/api/classes/monk/level/6,,,,,,,,,,,,,,,,,,,,,,,,,,,,,1,6,6,15,,,,,,,,,,,,,,,,,,,,,,,,,,,,,,,,,,,,
7,1,3,Evasion,http://www.dnd5eapi.co/api/features/176,Stillness of Mind,http://www.dnd5eapi.co/api/features/177,,,,107,Monk,http://www.dnd5eapi.co/api/classes/monk,http://www.dnd5eapi.co/api/classes/monk/level/7,,,,,,,,,,,,,,,,,,,,,,,,,,,,,1,6,7,15,,,,,,,,,,,,,,,,,,,,,,,,,,,,,,,,,,,,
8,2,3,Ability Score Improvement 2,http://www.dnd5eapi.co/api/features/178,,,,,,108,Monk,http://www.dnd5eapi.co/api/classes/monk,http://www.dnd5eapi.co/api/classes/monk/level/8,,,,,,,,,,,,,,,,,,,,,,,,,,,,,1,6,8,15,,,,,,,,,,,,,,,,,,,,,,,,,,,,,,,,,,,,
9,2,4,Unarmored Movement 2,http://www.dnd5eapi.co/api/features/179,,,,,,109,Monk,http://www.dnd5eapi.co/api/classes/monk,http://www.dnd5eapi.co/api/classes/monk/level/9,,,,,,,,,,,,,,,,,,,,,,,,,,,,,1,6,9,15,,,,,,,,,,,,,,,,,,,,,,,,,,,,,,,,,,,,
10,2,4,Purity of Body,http://www.dnd5eapi.co/api/features/180,,,,,,110,Monk,http://www.dnd5eapi.co/api/classes/monk,http://www.dnd5eapi.co/api/classes/monk/level/10,,,,,,,,,,,,,,,,,,,,,,,,,,,,,1,6,10,20,,,,,,,,,,,,,,,,,,,,,,,,,,,,,,,,,,,,
11,2,4,,,,,,,,111,Monk,http://www.dnd5eapi.co/api/classes/monk,http://www.dnd5eapi.co/api/classes/monk/level/11,,,,,,,,,,,,,,,,,,,,,,,,,,,,,1,8,11,20,,,,,,,,,,,,,,,,,,,,,,,,,,,,,,,,,,,,
12,3,4,Ability Score Improvement 3,http://www.dnd5eapi.co/api/features/182,,,,,,112,Monk,http://www.dnd5eapi.co/api/classes/monk,http://www.dnd5eapi.co/api/classes/monk/level/12,,,,,,,,,,,,,,,,,,,,,,,,,,,,,1,8,12,20,,,,,,,,,,,,,,,,,,,,,,,,,,,,,,,,,,,,
13,3,5,Tongue of the Sun and Moon,http://www.dnd5eapi.co/api/features/183,,,,,,113,Monk,http://www.dnd5eapi.co/api/classes/monk,http://www.dnd5eapi.co/api/classes/monk/level/13,,,,,,,,,,,,,,,,,,,,,,,,,,,,,1,8,13,20,,,,,,,,,,,,,,,,,,,,,,,,,,,,,,,,,,,,
14,3,5,Diamond Soul,http://www.dnd5eapi.co/api/features/184,,,,,,114,Monk,http://www.dnd5eapi.co/api/classes/monk,http://www.dnd5eapi.co/api/classes/monk/level/14,,,,,,,,,,,,,,,,,,,,,,,,,,,,,1,8,14,25,,,,,,,,,,,,,,,,,,,,,,,,,,,,,,,,,,,,
15,3,5,Timeless Body,http://www.dnd5eapi.co/api/features/185,,,,,,115,Monk,http://www.dnd5eapi.co/api/classes/monk,http://www.dnd5eapi.co/api/classes/monk/level/15,,,,,,,,,,,,,,,,,,,,,,,,,,,,,1,8,15,25,,,,,,,,,,,,,,,,,,,,,,,,,,,,,,,,,,,,
16,4,5,Ability Score Improvement 4,http://www.dnd5eapi.co/api/features/186,,,,,,116,Monk,http://www.dnd5eapi.co/api/classes/monk,http://www.dnd5eapi.co/api/classes/monk/level/16,,,,,,,,,,,,,,,,,,,,,,,,,,,,,1,8,16,25,,,,,,,,,,,,,,,,,,,,,,,,,,,,,,,,,,,,
17,4,6,,,,,,,,117,Monk,http://www.dnd5eapi.co/api/classes/monk,http://www.dnd5eapi.co/api/classes/monk/level/17,,,,,,,,,,,,,,,,,,,,,,,,,,,,,1,10,17,25,,,,,,,,,,,,,,,,,,,,,,,,,,,,,,,,,,,,
18,4,6,Empty Body,http://www.dnd5eapi.co/api/features/188,,,,,,118,Monk,http://www.dnd5eapi.co/api/classes/monk,http://www.dnd5eapi.co/api/classes/monk/level/18,,,,,,,,,,,,,,,,,,,,,,,,,,,,,1,10,18,30,,,,,,,,,,,,,,,,,,,,,,,,,,,,,,,,,,,,
19,5,6,Ability Score Improvement 5,http://www.dnd5eapi.co/api/features/189,,,,,,119,Monk,http://www.dnd5eapi.co/api/classes/monk,http://www.dnd5eapi.co/api/classes/monk/level/19,,,,,,,,,,,,,,,,,,,,,,,,,,,,,1,10,19,30,,,,,,,,,,,,,,,,,,,,,,,,,,,,,,,,,,,,
20,5,6,Perfect Self,http://www.dnd5eapi.co/api/features/190,,,,,,120,Monk,http://www.dnd5eapi.co/api/classes/monk,http://www.dnd5eapi.co/api/classes/monk/level/20,,,,,,,,,,,,,,,,,,,,,,,,,,,,,1,10,20,30,,,,,,,,,,,,,,,,,,,,,,,,,,,,,,,,,,,,
1,0,2,Divine Sense,http://www.dnd5eapi.co/api/features/191,Lay on Hands,http://www.dnd5eapi.co/api/features/192,,,,121,Paladin,http://www.dnd5eapi.co/api/classes/paladin,http://www.dnd5eapi.co/api/classes/paladin/level/1,,,,,0,0,0,0,0,,,,,,,,,,,,,,,,,,,,,,,,,,,,0,,,,,,,,,,,,,,,,,,,,,,,,,,,,,,,
2,0,2,Spellcasting,http://www.dnd5eapi.co/api/features/198,Divine Smite,http://www.dnd5eapi.co/api/features/199,,,,122,Paladin,http://www.dnd5eapi.co/api/classes/paladin,http://www.dnd5eapi.co/api/classes/paladin/level/2,,,,,2,0,0,0,0,,,,,,,,,,Choose: Fighting Style,http://www.dnd5eapi.co/api/features/193,,,,,,,,,,,,,,,,,0,,,,,,,,,,,,,,,,,,,,,,,,,,,,,,,
3,0,2,Divine Health,http://www.dnd5eapi.co/api/features/200,Sacred Oath,http://www.dnd5eapi.co/api/features/201,,,,123,Paladin,http://www.dnd5eapi.co/api/classes/paladin,http://www.dnd5eapi.co/api/classes/paladin/level/3,Oath Spells,http://www.dnd5eapi.co/api/features/202,,,3,0,0,0,0,,,,,,,,,,,,,,,,,,,,,,,,Channel Divinity,http://www.dnd5eapi.co/api/features/203,,,0,,,,,,,,,,,,,,,,,,,,,,,,,,,,,,,
4,1,2,Ability Score Improvement 1,http://www.dnd5eapi.co/api/features/206,,,,,,124,Paladin,http://www.dnd5eapi.co/api/classes/paladin,http://www.dnd5eapi.co/api/classes/paladin/level/4,,,,,3,0,0,0,0,,,,,,,,,,,,,,,,,,,,,,,,,,,,0,,,,,,,,,,,,,,,,,,,,,,,,,,,,,,,
5,1,3,Extra Attack,http://www.dnd5eapi.co/api/features/207,,,,,,125,Paladin,http://www.dnd5eapi.co/api/classes/paladin,http://www.dnd5eapi.co/api/classes/paladin/level/5,,,,,4,2,0,0,0,,,,,,,,,,,,,,,,,,,,,,,,,,,,0,,,,,,,,,,,,,,,,,,,,,,,,,,,,,,,
6,1,3,Aura of Protection,http://www.dnd5eapi.co/api/features/208,,,,,,126,Paladin,http://www.dnd5eapi.co/api/classes/paladin,http://www.dnd5eapi.co/api/classes/paladin/level/6,,,,,,,,,,,,,,,,,,,,,,,,,,,,,,,,,,,,,,4,2,0,0,0,10,,,,,,,,,,,,,,,,,,,,,,,,,
7,1,3,,,,,,,,127,Paladin,http://www.dnd5eapi.co/api/classes/paladin,http://www.dnd5eapi.co/api/classes/paladin/level/7,,,,,,,,,,,,,,,,,,,,,,,,,,,,,,,,,,,,,,4,3,0,0,0,10,,,,,,,,,,,,,,,,,,,,,,,,,
8,2,3,Ability Score Improvement 2,http://www.dnd5eapi.co/api/features/210,,,,,,128,Paladin,http://www.dnd5eapi.co/api/classes/paladin,http://www.dnd5eapi.co/api/classes/paladin/level/8,,,,,,,,,,,,,,,,,,,,,,,,,,,,,,,,,,,,,,4,3,0,0,0,10,,,,,,,,,,,,,,,,,,,,,,,,,
9,2,4,,,,,,,,129,Paladin,http://www.dnd5eapi.co/api/classes/paladin,http://www.dnd5eapi.co/api/classes/paladin/level/9,,,,,,,,,,,,,,,,,,,,,,,,,,,,,,,,,,,,,,4,3,2,0,0,10,,,,,,,,,,,,,,,,,,,,,,,,,
10,2,4,Aura of Courage,http://www.dnd5eapi.co/api/features/211,,,,,,130,Paladin,http://www.dnd5eapi.co/api/classes/paladin,http://www.dnd5eapi.co/api/classes/paladin/level/10,,,,,,,,,,,,,,,,,,,,,,,,,,,,,,,,,,,,,,4,3,2,0,0,10,,,,,,,,,,,,,,,,,,,,,,,,,
11,2,4,Improved Divine Smite,http://www.dnd5eapi.co/api/features/212,,,,,,131,Paladin,http://www.dnd5eapi.co/api/classes/paladin,http://www.dnd5eapi.co/api/classes/paladin/level/11,,,,,,,,,,,,,,,,,,,,,,,,,,,,,,,,,,,,,,4,3,3,0,0,10,,,,,,,,,,,,,,,,,,,,,,,,,
12,3,4,Ability Score Improvement 3,http://www.dnd5eapi.co/api/features/213,,,,,,132,Paladin,http://www.dnd5eapi.co/api/classes/paladin,http://www.dnd5eapi.co/api/classes/paladin/level/12,,,,,,,,,,,,,,,,,,,,,,,,,,,,,,,,,,,,,,4,3,3,0,0,10,,,,,,,,,,,,,,,,,,,,,,,,,
13,3,5,,,,,,,,133,Paladin,http://www.dnd5eapi.co/api/classes/paladin,http://www.dnd5eapi.co/api/classes/paladin/level/13,,,,,,,,,,,,,,,,,,,,,,,,,,,,,,,,,,,,,,4,3,3,1,0,10,,,,,,,,,,,,,,,,,,,,,,,,,
14,3,5,Cleansing Touch,http://www.dnd5eapi.co/api/features/214,,,,,,134,Paladin,http://www.dnd5eapi.co/api/classes/paladin,http://www.dnd5eapi.co/api/classes/paladin/level/14,,,,,,,,,,,,,,,,,,,,,,,,,,,,,,,,,,,,,,4,3,3,1,0,10,,,,,,,,,,,,,,,,,,,,,,,,,
15,3,5,,,,,,,,135,Paladin,http://www.dnd5eapi.co/api/classes/paladin,http://www.dnd5eapi.co/api/classes/paladin/level/15,,,,,4,3,3,2,0,,,,,,,,,,,,,,,,,,,,,,,,,,,,0,,,,,,,,,,,,,,,,,,,,,,,,,,,,,,,
16,4,5,Ability Score Improvement 4,http://www.dnd5eapi.co/api/features/216,,,,,,136,Paladin,http://www.dnd5eapi.co/api/classes/paladin,http://www.dnd5eapi.co/api/classes/paladin/level/16,,,,,,,,,,,,,,,,,,,,,,,,,,,,,,,,,,,,,,4,3,3,2,0,10,,,,,,,,,,,,,,,,,,,,,,,,,
17,4,6,,,,,,,,137,Paladin,http://www.dnd5eapi.co/api/classes/paladin,http://www.dnd5eapi.co/api/classes/paladin/level/17,,,,,,,,,,,,,,,,,,,,,,,,,,,,,,,,,,,,,,4,3,3,3,1,10,,,,,,,,,,,,,,,,,,,,,,,,,
18,4,6,Aura improvements,http://www.dnd5eapi.co/api/features/217,,,,,,138,Paladin,http://www.dnd5eapi.co/api/classes/paladin,http://www.dnd5eapi.co/api/classes/paladin/level/18,,,,,,,,,,,,,,,,,,,,,,,,,,,,,,,,,,,,,,4,3,3,3,1,30,,,,,,,,,,,,,,,,,,,,,,,,,
19,5,6,Ability Score Improvement 5,http://www.dnd5eapi.co/api/features/218,,,,,,139,Paladin,http://www.dnd5eapi.co/api/classes/paladin,http://www.dnd5eapi.co/api/classes/paladin/level/19,,,,,,,,,,,,,,,,,,,,,,,,,,,,,,,,,,,,,,4,3,3,3,2,30,,,,,,,,,,,,,,,,,,,,,,,,,
20,5,6,,,,,,,,140,Paladin,http://www.dnd5eapi.co/api/classes/paladin,http://www.dnd5eapi.co/api/classes/paladin/level/20,,,,,,,,,,,,,,,,,,,,,,,,,,,,,,,,,,,,,,4,3,3,3,2,30,,,,,,,,,,,,,,,,,,,,,,,,,
1,0,2,Favored Enemy (1 type),http://www.dnd5eapi.co/api/features/220,Natural Explorer (1 terrain type),http://www.dnd5eapi.co/api/features/221,,,,141,Ranger,http://www.dnd5eapi.co/api/classes/ranger,http://www.dnd5eapi.co/api/classes/ranger/level/1,,,,0,0,0,0,0,0,,,,,,,,,,,,,,,,,,,,,,,,,,,,,,,,,,,1,1,,,,,,,,,,,,,,,,,,,,,,,
2,0,2,Spellcasting,http://www.dnd5eapi.co/api/features/227,,,,,,142,Ranger,http://www.dnd5eapi.co/api/classes/ranger,http://www.dnd5eapi.co/api/classes/ranger/level/2,,,,2,2,0,0,0,0,,,,,,,,,,Choose: Fighting Style,http://www.dnd5eapi.co/api/features/222,,,,,,,,,,,,,,,,,,,,,,,,1,1,,,,,,,,,,,,,,,,,,,,,,,
3,0,2,Ranger Archetype,http://www.dnd5eapi.co/api/features/228,Primeval Awareness,http://www.dnd5eapi.co/api/features/233,,,,143,Ranger,http://www.dnd5eapi.co/api/classes/ranger,http://www.dnd5eapi.co/api/classes/ranger/level/3,,,,3,3,0,0,0,0,,,,,,,,,,,,,,,,,,,,,,,,,,,,,,,,,,,1,1,,,,,,,,,,,,,,,,,,,,,,,
4,1,2,Ability Score Improvement 1,http://www.dnd5eapi.co/api/features/234,,,,,,144,Ranger,http://www.dnd5eapi.co/api/classes/ranger,http://www.dnd5eapi.co/api/classes/ranger/level/4,,,,3,3,0,0,0,0,,,,,,,,,,,,,,,,,,,,,,,,,,,,,,,,,,,1,1,,,,,,,,,,,,,,,,,,,,,,,
5,1,3,Extra Attack,http://www.dnd5eapi.co/api/features/235,,,,,,145,Ranger,http://www.dnd5eapi.co/api/classes/ranger,http://www.dnd5eapi.co/api/classes/ranger/level/5,,,,4,4,2,0,0,0,,,,,,,,,,,,,,,,,,,,,,,,,,,,,,,,,,,1,1,,,,,,,,,,,,,,,,,,,,,,,
6,1,3,Favored Enemy (2 types),http://www.dnd5eapi.co/api/features/236,Natural Explorer (2 terrain types),http://www.dnd5eapi.co/api/features/237,,,,146,Ranger,http://www.dnd5eapi.co/api/classes/ranger,http://www.dnd5eapi.co/api/classes/ranger/level/6,,,,4,4,2,0,0,0,,,,,,,,,,,,,,,,,,,,,,,,,,,,,,,,,,,2,2,,,,,,,,,,,,,,,,,,,,,,,
7,1,3,,,,,,,,147,Ranger,http://www.dnd5eapi.co/api/classes/ranger,http://www.dnd5eapi.co/api/classes/ranger/level/7,,,,5,4,3,0,0,0,,,,,,,,,,,,,,,,,,,,,,,,,,,,,,,,,,,2,2,,,,,,,,,,,,,,,,,,,,,,,
8,2,3,Ability Score Improvement 2,http://www.dnd5eapi.co/api/features/242,Land's Stride,http://www.dnd5eapi.co/api/features/243,,,,148,Ranger,http://www.dnd5eapi.co/api/classes/ranger,http://www.dnd5eapi.co/api/classes/ranger/level/8,,,,5,4,3,0,0,0,,,,,,,,,,,,,,,,,,,,,,,,,,,,,,,,,,,2,2,,,,,,,,,,,,,,,,,,,,,,,
9,2,4,,,,,,,,149,Ranger,http://www.dnd5eapi.co/api/classes/ranger,http://www.dnd5eapi.co/api/classes/ranger/level/9,,,,6,4,3,2,0,0,,,,,,,,,,,,,,,,,,,,,,,,,,,,,,,,,,,2,2,,,,,,,,,,,,,,,,,,,,,,,
10,2,4,Natural Explorer (3 terrain types),http://www.dnd5eapi.co/api/features/244,Hide in Plain Sight,http://www.dnd5eapi.co/api/features/245,,,,150,Ranger,http://www.dnd5eapi.co/api/classes/ranger,http://www.dnd5eapi.co/api/classes/ranger/level/10,,,,6,4,3,2,0,0,,,,,,,,,,,,,,,,,,,,,,,,,,,,,,,,,,,2,3,,,,,,,,,,,,,,,,,,,,,,,
11,2,4,,,,,,,,151,Ranger,http://www.dnd5eapi.co/api/classes/ranger,http://www.dnd5eapi.co/api/classes/ranger/level/11,,,,7,4,3,3,0,0,,,,,,,,,,,,,,,,,,,,,,,,,,,,,,,,,,,2,3,,,,,,,,,,,,,,,,,,,,,,,
12,3,4,Ability Score Improvement 4,http://www.dnd5eapi.co/api/features/249,,,,,,152,Ranger,http://www.dnd5eapi.co/api/classes/ranger,http://www.dnd5eapi.co/api/classes/ranger/level/12,,,,7,4,3,3,0,0,,,,,,,,,,,,,,,,,,,,,,,,,,,,,,,,,,,2,3,,,,,,,,,,,,,,,,,,,,,,,
13,3,5,,,,,,,,153,Ranger,http://www.dnd5eapi.co/api/classes/ranger,http://www.dnd5eapi.co/api/classes/ranger/level/13,,,,8,4,3,3,1,0,,,,,,,,,,,,,,,,,,,,,,,,,,,,,,,,,,,2,3,,,,,,,,,,,,,,,,,,,,,,,
14,3,5,Favored Enemy (3 enemies),http://www.dnd5eapi.co/api/features/250,Vanish,http://www.dnd5eapi.co/api/features/251,,,,154,Ranger,http://www.dnd5eapi.co/api/classes/ranger,http://www.dnd5eapi.co/api/classes/ranger/level/14,,,,8,4,3,3,1,0,,,,,,,,,,,,,,,,,,,,,,,,,,,,,,,,,,,3,3,,,,,,,,,,,,,,,,,,,,,,,
15,3,5,,,,,,,,155,Ranger,http://www.dnd5eapi.co/api/classes/ranger,http://www.dnd5eapi.co/api/classes/ranger/level/15,,,,9,4,3,3,2,0,,,,,,,,,,,,,,,,,,,,,,,,,,,,,,,,,,,3,3,,,,,,,,,,,,,,,,,,,,,,,
16,4,5,Ability Score Improvement 4,http://www.dnd5eapi.co/api/features/256,,,,,,156,Ranger,http://www.dnd5eapi.co/api/classes/ranger,http://www.dnd5eapi.co/api/classes/ranger/level/16,,,,9,4,3,3,2,0,,,,,,,,,,,,,,,,,,,,,,,,,,,,,,,,,,,3,3,,,,,,,,,,,,,,,,,,,,,,,
17,4,6,,,,,,,,157,Ranger,http://www.dnd5eapi.co/api/classes/ranger,http://www.dnd5eapi.co/api/classes/ranger/level/17,,,,10,4,3,3,3,1,,,,,,,,,,,,,,,,,,,,,,,,,,,,,,,,,,,3,3,,,,,,,,,,,,,,,,,,,,,,,
18,4,6,Feral Senses,http://www.dnd5eapi.co/api/features/257,,,,,,158,Ranger,http://www.dnd5eapi.co/api/classes/ranger,http://www.dnd5eapi.co/api/classes/ranger/level/18,,,,10,4,3,3,3,1,,,,,,,,,,,,,,,,,,,,,,,,,,,,,,,,,,,3,3,,,,,,,,,,,,,,,,,,,,,,,
19,5,6,Ability Score Improvement 5,http://www.dnd5eapi.co/api/features/258,,,,,,159,Ranger,http://www.dnd5eapi.co/api/classes/ranger,http://www.dnd5eapi.co/api/classes/ranger/level/19,,,,11,4,3,3,3,2,,,,,,,,,,,,,,,,,,,,,,,,,,,,,,,,,,,3,3,,,,,,,,,,,,,,,,,,,,,,,
20,5,6,Foe Slayer,http://www.dnd5eapi.co/api/features/259,,,,,,160,Ranger,http://www.dnd5eapi.co/api/classes/ranger,http://www.dnd5eapi.co/api/classes/ranger/level/20,,,,11,4,3,3,3,2,,,,,,,,,,,,,,,,,,,,,,,,,,,,,,,,,,,3,3,,,,,,,,,,,,,,,,,,,,,,,
1,0,2,Sneak Attack,http://www.dnd5eapi.co/api/features/280,Thieves' Cant,http://www.dnd5eapi.co/api/features/281,,,,161,Rogue,http://www.dnd5eapi.co/api/classes/rogue,http://www.dnd5eapi.co/api/classes/rogue/level/1,,,,,,,,,,,,,,,,,,,Expertise 1,http://www.dnd5eapi.co/api/features/260,,,,,,,,,,,,,,,,,,,,,,,,,,1,6,,,,,,,,,,,,,,,,,,,,,
2,0,2,Cunning Action,http://www.dnd5eapi.co/api/features/282,,,,,,162,Rogue,http://www.dnd5eapi.co/api/classes/rogue,http://www.dnd5eapi.co/api/classes/rogue/level/2,,,,,,,,,,,,,,,,,,,,,,,,,,,,,,,,,,,,,,,,,,,,,,1,6,,,,,,,,,,,,,,,,,,,,,
3,0,2,Roguish Archetype,http://www.dnd5eapi.co/api/features/283,,,,,,163,Rogue,http://www.dnd5eapi.co/api/classes/rogue,http://www.dnd5eapi.co/api/classes/rogue/level/3,,,,,,,,,,,,,,,,,,,,,,,,,,,,,,,,,,,,,,,,,,,,,,2,6,,,,,,,,,,,,,,,,,,,,,
4,1,2,Ability Score Improvement 1,http://www.dnd5eapi.co/api/features/286,,,,,,164,Rogue,http://www.dnd5eapi.co/api/classes/rogue,http://www.dnd5eapi.co/api/classes/rogue/level/4,,,,,,,,,,,,,,,,,,,,,,,,,,,,,,,,,,,,,,,,,,,,,,2,6,,,,,,,,,,,,,,,,,,,,,
5,1,3,Uncanny Dodge,http://www.dnd5eapi.co/api/features/287,,,,,,165,Rogue,http://www.dnd5eapi.co/api/classes/rogue,http://www.dnd5eapi.co/api/classes/rogue/level/5,,,,,,,,,,,,,,,,,,,,,,,,,,,,,,,,,,,,,,,,,,,,,,3,6,,,,,,,,,,,,,,,,,,,,,
6,1,3,,,,,,,,166,Rogue,http://www.dnd5eapi.co/api/classes/rogue,http://www.dnd5eapi.co/api/classes/rogue/level/6,,,,,,,,,,,,,,,,,,,Expertise 2,http://www.dnd5eapi.co/api/features/288,,,,,,,,,,,,,,,,,,,,,,,,,,3,6,,,,,,,,,,,,,,,,,,,,,
7,1,3,Evasion,http://www.dnd5eapi.co/api/features/289,,,,,,167,Rogue,http://www.dnd5eapi.co/api/classes/rogue,http://www.dnd5eapi.co/api/classes/rogue/level/7,,,,,,,,,,,,,,,,,,,,,,,,,,,,,,,,,,,,,,,,,,,,,,4,6,,,,,,,,,,,,,,,,,,,,,
8,2,3,Ability Score Improvement 2,http://www.dnd5eapi.co/api/features/290,,,,,,168,Rogue,http://www.dnd5eapi.co/api/classes/rogue,http://www.dnd5eapi.co/api/classes/rogue/level/8,,,,,,,,,,,,,,,,,,,,,,,,,,,,,,,,,,,,,,,,,,,,,,4,6,,,,,,,,,,,,,,,,,,,,,
9,2,4,Ability Score Improvement 2,http://www.dnd5eapi.co/api/features/290,,,,,,169,Rogue,http://www.dnd5eapi.co/api/classes/rogue,http://www.dnd5eapi.co/api/classes/rogue/level/9,,,,,,,,,,,,,,,,,,,,,,,,,,,,,,,,,,,,,,,,,,,,,,5,6,,,,,,,,,,,,,,,,,,,,,
10,2,4,Ability Score Improvement 3,http://www.dnd5eapi.co/api/features/292,,,,,,170,Rogue,http://www.dnd5eapi.co/api/classes/rogue,http://www.dnd5eapi.co/api/classes/rogue/level/10,,,,,,,,,,,,,,,,,,,,,,,,,,,,,,,,,,,,,,,,,,,,,,5,6,,,,,,,,,,,,,,,,,,,,,
11,2,4,Reliable Talent,http://www.dnd5eapi.co/api/features/293,,,,,,171,Rogue,http://www.dnd5eapi.co/api/classes/rogue,http://www.dnd5eapi.co/api/classes/rogue/level/11,,,,,,,,,,,,,,,,,,,,,,,,,,,,,,,,,,,,,,,,,,,,,,6,6,,,,,,,,,,,,,,,,,,,,,
12,3,4,Ability Score Improvement 4,http://www.dnd5eapi.co/api/features/294,,,,,,172,Rogue,http://www.dnd5eapi.co/api/classes/rogue,http://www.dnd5eapi.co/api/classes/rogue/level/12,,,,,,,,,,,,,,,,,,,,,,,,,,,,,,,,,,,,,,,,,,,,,,6,6,,,,,,,,,,,,,,,,,,,,,
13,3,5,,,,,,,,173,Rogue,http://www.dnd5eapi.co/api/classes/rogue,http://www.dnd5eapi.co/api/classes/rogue/level/13,,,,,,,,,,,,,,,,,,,,,,,,,,,,,,,,,,,,,,,,,,,,,,7,6,,,,,,,,,,,,,,,,,,,,,
14,3,5,Blindsense,http://www.dnd5eapi.co/api/features/296,,,,,,174,Rogue,http://www.dnd5eapi.co/api/classes/rogue,http://www.dnd5eapi.co/api/classes/rogue/level/14,,,,,,,,,,,,,,,,,,,,,,,,,,,,,,,,,,,,,,,,,,,,,,7,6,,,,,,,,,,,,,,,,,,,,,
15,3,5,Slippery Mind,http://www.dnd5eapi.co/api/features/297,,,,,,175,Rogue,http://www.dnd5eapi.co/api/classes/rogue,http://www.dnd5eapi.co/api/classes/rogue/level/15,,,,,,,,,,,,,,,,,,,,,,,,,,,,,,,,,,,,,,,,,,,,,,8,6,,,,,,,,,,,,,,,,,,,,,
16,4,5,Ability Score Improvement 5,http://www.dnd5eapi.co/api/features/298,,,,,,176,Rogue,http://www.dnd5eapi.co/api/classes/rogue,http://www.dnd5eapi.co/api/classes/rogue/level/16,,,,,,,,,,,,,,,,,,,,,,,,,,,,,,,,,,,,,,,,,,,,,,8,6,,,,,,,,,,,,,,,,,,,,,
17,4,6,,,,,,,,177,Rogue,http://www.dnd5eapi.co/api/classes/rogue,http://www.dnd5eapi.co/api/classes/rogue/level/17,,,,,,,,,,,,,,,,,,,,,,,,,,,,,,,,,,,,,,,,,,,,,,9,6,,,,,,,,,,,,,,,,,,,,,
18,4,6,Elusive,http://www.dnd5eapi.co/api/features/300,,,,,,178,Rogue,http://www.dnd5eapi.co/api/classes/rogue,http://www.dnd5eapi.co/api/classes/rogue/level/18,,,,,,,,,,,,,,,,,,,,,,,,,,,,,,,,,,,,,,,,,,,,,,9,6,,,,,,,,,,,,,,,,,,,,,
19,5,6,Ability Score Improvement 6,http://www.dnd5eapi.co/api/features/301,,,,,,179,Rogue,http://www.dnd5eapi.co/api/classes/rogue,http://www.dnd5eapi.co/api/classes/rogue/level/19,,,,,,,,,,,,,,,,,,,,,,,,,,,,,,,,,,,,,,,,,,,,,,10,6,,,,,,,,,,,,,,,,,,,,,
20,5,6,Stroke of Luck,http://www.dnd5eapi.co/api/features/302,,,,,,180,Rogue,http://www.dnd5eapi.co/api/classes/rogue,http://www.dnd5eapi.co/api/classes/rogue/level/20,,,,,,,,,,,,,,,,,,,,,,,,,,,,,,,,,,,,,,,,,,,,,,10,6,,,,,,,,,,,,,,,,,,,,,
1,0,2,Spellcasting,http://www.dnd5eapi.co/api/features/303,Sorcerous Origin,http://www.dnd5eapi.co/api/features/304,,,,181,Sorcerer,http://www.dnd5eapi.co/api/classes/sorcerer,http://www.dnd5eapi.co/api/classes/sorcerer/level/1,,,4,2,2,0,0,0,0,0,0,0,0,,,,,,,,,,,,,,,,,,,,,,,,,,,,,,,,,,,0,0,,,,,,,,,,,,,,,,,,,
2,0,2,Font of Magic,http://www.dnd5eapi.co/api/features/317,Flexible Casting: Creating Spell Slots,http://www.dnd5eapi.co/api/features/318,,,,182,Sorcerer,http://www.dnd5eapi.co/api/classes/sorcerer,http://www.dnd5eapi.co/api/classes/sorcerer/level/2,Flexible Casting: Converting Spell Slot,http://www.dnd5eapi.co/api/features/319,4,3,3,0,0,0,0,0,0,0,0,,,,,,,,,,,,,,,,,,,,,,,,,,,,,,,,,,,2,0,1,2,2,3,3,5,4,6,5,7,,,,,,,,,
3,0,2,,,,,,,,183,Sorcerer,http://www.dnd5eapi.co/api/classes/sorcerer,http://www.dnd5eapi.co/api/classes/sorcerer/level/3,,,4,4,4,2,0,0,0,0,0,0,0,,,,,,"Choose: Metamagic, First and Second",http://www.dnd5eapi.co/api/features/320,,,,,,,,,,,,,,,,,,,,,,,,,,,,3,2,1,2,2,3,3,5,4,6,5,7,,,,,,,,,
4,1,2,Ability Score Improvement 1,http://www.dnd5eapi.co/api/features/329,,,,,,184,Sorcerer,http://www.dnd5eapi.co/api/classes/sorcerer,http://www.dnd5eapi.co/api/classes/sorcerer/level/4,,,5,5,4,3,0,0,0,0,0,0,0,,,,,,,,,,,,,,,,,,,,,,,,,,,,,,,,,,,4,2,1,2,2,3,3,5,4,6,5,7,,,,,,,,,
5,1,3,,,,,,,,185,Sorcerer,http://www.dnd5eapi.co/api/classes/sorcerer,http://www.dnd5eapi.co/api/classes/sorcerer/level/5,,,5,6,4,3,2,0,0,0,0,0,0,,,,,,,,,,,,,,,,,,,,,,,,,,,,,,,,,,,5,2,1,2,2,3,3,5,4,6,5,7,,,,,,,,,
6,1,3,,,,,,,,186,Sorcerer,http://www.dnd5eapi.co/api/classes/sorcerer,http://www.dnd5eapi.co/api/classes/sorcerer/level/6,,,5,7,4,3,3,0,0,0,0,0,0,,,,,,,,,,,,,,,,,,,,,,,,,,,,,,,,,,,6,2,1,2,2,3,3,5,4,6,5,7,,,,,,,,,
7,1,3,,,,,,,,187,Sorcerer,http://www.dnd5eapi.co/api/classes/sorcerer,http://www.dnd5eapi.co/api/classes/sorcerer/level/7,,,5,8,4,3,3,1,0,0,0,0,0,,,,,,,,,,,,,,,,,,,,,,,,,,,,,,,,,,,7,2,1,2,2,3,3,5,4,6,5,7,,,,,,,,,
8,2,3,Ability Score Improvement 2,http://www.dnd5eapi.co/api/features/331,,,,,,188,Sorcerer,http://www.dnd5eapi.co/api/classes/sorcerer,http://www.dnd5eapi.co/api/classes/sorcerer/level/8,,,5,9,4,3,3,2,0,0,0,0,0,,,,,,,,,,,,,,,,,,,,,,,,,,,,,,,,,,,8,2,1,2,2,3,3,5,4,6,5,7,,,,,,,,,
9,2,4,,,,,,,,189,Sorcerer,http://www.dnd5eapi.co/api/classes/sorcerer,http://www.dnd5eapi.co/api/classes/sorcerer/level/9,,,5,10,4,3,3,3,1,0,0,0,0,,,,,,,,,,,,,,,,,,,,,,,,,,,,,,,,,,,9,2,1,2,2,3,3,5,4,6,5,7,,,,,,,,,
10,2,4,,,,,,,,190,Sorcerer,http://www.dnd5eapi.co/api/classes/sorcerer,http://www.dnd5eapi.co/api/classes/sorcerer/level/10,,,6,11,4,3,3,3,2,0,0,0,0,,,,,,"Choose: Metamagic, Third",http://www.dnd5eapi.co/api/features/332,,,,,,,,,,,,,,,,,,,,,,,,,,,,10,3,1,2,2,3,3,5,4,6,5,7,,,,,,,,,
11,2,4,,,,,,,,191,Sorcerer,http://www.dnd5eapi.co/api/classes/sorcerer,http://www.dnd5eapi.co/api/classes/sorcerer/level/11,,,6,12,4,3,3,3,2,1,0,0,0,,,,,,,,,,,,,,,,,,,,,,,,,,,,,,,,,,,11,3,1,2,2,3,3,5,4,6,5,7,,,,,,,,,
12,3,4,Ability Score Improvement 3,http://www.dnd5eapi.co/api/features/333,,,,,,192,Sorcerer,http://www.dnd5eapi.co/api/classes/sorcerer,http://www.dnd5eapi.co/api/classes/sorcerer/level/12,,,6,12,4,3,3,3,2,1,0,0,0,,,,,,,,,,,,,,,,,,,,,,,,,,,,,,,,,,,12,3,1,2,2,3,3,5,4,6,5,7,,,,,,,,,
13,3,5,,,,,,,,193,Sorcerer,http://www.dnd5eapi.co/api/classes/sorcerer,http://www.dnd5eapi.co/api/classes/sorcerer/level/13,,,6,13,4,3,3,3,2,1,1,0,0,,,,,,,,,,,,,,,,,,,,,,,,,,,,,,,,,,,13,3,1,2,2,3,3,5,4,6,5,7,,,,,,,,,
14,3,5,,,,,,,,194,Sorcerer,http://www.dnd5eapi.co/api/classes/sorcerer,http://www.dnd5eapi.co/api/classes/sorcerer/level/14,,,6,13,4,3,3,3,2,1,1,0,0,,,,,,,,,,,,,,,,,,,,,,,,,,,,,,,,,,,14,3,1,2,2,3,3,5,4,6,5,7,,,,,,,,,
15,3,5,,,,,,,,195,Sorcerer,http://www.dnd5eapi.co/api/classes/sorcerer,http://www.dnd5eapi.co/api/classes/sorcerer/level/15,,,6,14,4,3,3,3,2,1,1,1,0,,,,,,,,,,,,,,,,,,,,,,,,,,,,,,,,,,,15,3,1,2,2,3,3,5,4,6,5,7,,,,,,,,,
16,4,5,Ability Score Improvement 4,http://www.dnd5eapi.co/api/features/335,,,,,,196,Sorcerer,http://www.dnd5eapi.co/api/classes/sorcerer,http://www.dnd5eapi.co/api/classes/sorcerer/level/16,,,6,14,4,3,3,3,2,1,1,1,0,,,,,,,,,,,,,,,,,,,,,,,,,,,,,,,,,,,16,4,1,2,2,3,3,5,4,6,5,7,,,,,,,,,
17,4,6,,,,,,,,197,Sorcerer,http://www.dnd5eapi.co/api/classes/sorcerer,http://www.dnd5eapi.co/api/classes/sorcerer/level/17,,,6,15,4,3,3,3,2,1,1,1,1,,,,,,"Choose: Metamagic, Fourth",http://www.dnd5eapi.co/api/features/336,,,,,,,,,,,,,,,,,,,,,,,,,,,,17,4,1,2,2,3,3,5,4,6,5,7,,,,,,,,,
18,4,6,,,,,,,,198,Sorcerer,http://www.dnd5eapi.co/api/classes/sorcerer,http://www.dnd5eapi.co/api/classes/sorcerer/level/18,,,6,15,4,3,3,3,3,1,1,1,1,,,,,,,,,,,,,,,,,,,,,,,,,,,,,,,,,,,18,4,1,2,2,3,3,5,4,6,5,7,,,,,,,,,
19,5,6,Ability Score Improvement 5,http://www.dnd5eapi.co/api/features/338,,,,,,199,Sorcerer,http://www.dnd5eapi.co/api/classes/sorcerer,http://www.dnd5eapi.co/api/classes/sorcerer/level/19,,,6,15,4,3,3,3,3,2,1,1,1,,,,,,,,,,,,,,,,,,,,,,,,,,,,,,,,,,,19,4,1,2,2,3,3,5,4,6,5,7,,,,,,,,,
20,5,6,Sorcerous Restoration,http://www.dnd5eapi.co/api/features/339,,,,,,200,Sorcerer,http://www.dnd5eapi.co/api/classes/sorcerer,http://www.dnd5eapi.co/api/classes/sorcerer/level/20,,,6,15,4,3,3,3,3,2,2,1,1,,,,,,,,,,,,,,,,,,,,,,,,,,,,,,,,,,,20,4,1,2,2,3,3,5,4,6,5,7,,,,,,,,,
1,0,2,Otherworldly Patron,http://www.dnd5eapi.co/api/features/340,Pact Magic,http://www.dnd5eapi.co/api/features/342,,,,201,Warlock,http://www.dnd5eapi.co/api/classes/warlock,http://www.dnd5eapi.co/api/classes/warlock/level/1,,,2,2,1,0,0,0,0,0,0,0,0,,,,,,,,,,,,,,,,,,,,,,,,,,,,,,,,,,,,,,,,,,,,,,,0,0,0,0,0,,,,
2,0,2,Choose: Eldritch Invocations,http://www.dnd5eapi.co/api/features/343,,,,,,202,Warlock,http://www.dnd5eapi.co/api/classes/warlock,http://www.dnd5eapi.co/api/classes/warlock/level/2,,,2,3,2,0,0,0,0,0,0,0,0,,,,,,,,,,,,,,,,,,,,,,,,,,,,,,,,,,,,,,,,,,,,,,,2,0,0,0,0,,,,
3,0,2,Choose: Pact Boon,http://www.dnd5eapi.co/api/features/376,,,,,,203,Warlock,http://www.dnd5eapi.co/api/classes/warlock,http://www.dnd5eapi.co/api/classes/warlock/level/3,,,2,4,0,2,0,0,0,0,0,0,0,,,,,,,,,,,,,,,,,,,,,,,,,,,,,,,,,,,,,,,,,,,,,,,2,0,0,0,0,,,,
4,1,2,Ability Score Improvement 1,http://www.dnd5eapi.co/api/features/380,,,,,,204,Warlock,http://www.dnd5eapi.co/api/classes/warlock,http://www.dnd5eapi.co/api/classes/warlock/level/4,,,3,5,0,2,0,0,0,0,0,0,0,,,,,,,,,,,,,,,,,,,,,,,,,,,,,,,,,,,,,,,,,,,,,,,3,0,0,0,0,,,,
5,1,3,Choose: Additional Eldritch Invocation,http://www.dnd5eapi.co/api/features/381,,,,,,205,Warlock,http://www.dnd5eapi.co/api/classes/warlock,http://www.dnd5eapi.co/api/classes/warlock/level/5,,,3,6,0,0,2,0,0,0,0,0,0,,,,,,,,,,,,,,,,,,,,,,,,,,,,,,,,,,,,,,,,,,,,,,,3,0,0,0,0,,,,
6,1,3,,,,,,,,206,Warlock,http://www.dnd5eapi.co/api/classes/warlock,http://www.dnd5eapi.co/api/classes/warlock/level/6,,,3,7,0,0,2,0,0,0,0,0,0,,,,,,,,,,,,,,,,,,,,,,,,,,,,,,,,,,,,,,,,,,,,,,,4,0,0,0,0,,,,
7,1,3,Choose: Additional Eldritch Invocation,http://www.dnd5eapi.co/api/features/383,,,,,,207,Warlock,http://www.dnd5eapi.co/api/classes/warlock,http://www.dnd5eapi.co/api/classes/warlock/level/7,,,3,8,0,0,0,2,0,0,0,0,0,,,,,,,,,,,,,,,,,,,,,,,,,,,,,,,,,,,,,,,,,,,,,,,4,0,0,0,0,,,,
8,2,3,Ability Score Improvement 2,http://www.dnd5eapi.co/api/features/384,,,,,,208,Warlock,http://www.dnd5eapi.co/api/classes/warlock,http://www.dnd5eapi.co/api/classes/warlock/level/8,,,3,9,0,0,0,2,0,0,0,0,0,,,,,,,,,,,,,,,,,,,,,,,,,,,,,,,,,,,,,,,,,,,,,,,4,0,0,0,0,,,,
9,2,4,Choose: Additional Eldritch Invocation,http://www.dnd5eapi.co/api/features/385,,,,,,209,Warlock,http://www.dnd5eapi.co/api/classes/warlock,http://www.dnd5eapi.co/api/classes/warlock/level/9,,,3,10,0,0,0,0,2,0,0,0,0,,,,,,,,,,,,,,,,,,,,,,,,,,,,,,,,,,,,,,,,,,,,,,,5,0,0,0,0,,,,
10,2,4,,,,,,,,210,Warlock,http://www.dnd5eapi.co/api/classes/warlock,http://www.dnd5eapi.co/api/classes/warlock/level/10,,,4,10,0,0,0,0,2,0,0,0,0,,,,,,,,,,,,,,,,,,,,,,,,,,,,,,,,,,,,,,,,,,,,,,,5,0,0,0,0,,,,
11,2,4,Mystic Arcanum (6th level),http://www.dnd5eapi.co/api/features/387,,,,,,211,Warlock,http://www.dnd5eapi.co/api/classes/warlock,http://www.dnd5eapi.co/api/classes/warlock/level/11,,,4,11,0,0,0,0,3,0,0,0,0,,,,,,,,,,,,,,,,,,,,,,,,,,,,,,,,,,,,,,,,,,,,,,,5,1,0,0,0,,,,
12,3,4,Ability Score Improvement 3,http://www.dnd5eapi.co/api/features/388,Choose: Additional Eldritch Invocation,http://www.dnd5eapi.co/api/features/389,,,,212,Warlock,http://www.dnd5eapi.co/api/classes/warlock,http://www.dnd5eapi.co/api/classes/warlock/level/12,,,4,11,0,0,0,0,3,0,0,0,0,,,,,,,,,,,,,,,,,,,,,,,,,,,,,,,,,,,,,,,,,,,,,,,6,1,0,0,0,,,,
13,3,5,Mystic Arcanum (7th level),http://www.dnd5eapi.co/api/features/390,,,,,,213,Warlock,http://www.dnd5eapi.co/api/classes/warlock,http://www.dnd5eapi.co/api/classes/warlock/level/13,,,4,12,0,0,0,0,3,0,0,0,0,,,,,,,,,,,,,,,,,,,,,,,,,,,,,,,,,,,,,,,,,,,,,,,6,1,1,0,0,,,,
14,3,5,,,,,,,,214,Warlock,http://www.dnd5eapi.co/api/classes/warlock,http://www.dnd5eapi.co/api/classes/warlock/level/14,,,4,12,0,0,0,0,3,0,0,0,0,,,,,,,,,,,,,,,,,,,,,,,,,,,,,,,,,,,,,,,,,,,,,,,6,1,1,0,0,,,,
15,3,5,Mystic Arcanum (8th level),http://www.dnd5eapi.co/api/features/392,Choose: Additional Eldritch Invocation,http://www.dnd5eapi.co/api/features/393,,,,215,Warlock,http://www.dnd5eapi.co/api/classes/warlock,http://www.dnd5eapi.co/api/classes/warlock/level/15,,,4,13,0,0,0,0,3,0,0,0,0,,,,,,,,,,,,,,,,,,,,,,,,,,,,,,,,,,,,,,,,,,,,,,,7,1,1,1,0,,,,
16,4,5,Ability Score Improvement 5,http://www.dnd5eapi.co/api/features/394,,,,,,216,Warlock,http://www.dnd5eapi.co/api/classes/warlock,http://www.dnd5eapi.co/api/classes/warlock/level/16,,,4,13,0,0,0,0,3,0,0,0,0,,,,,,,,,,,,,,,,,,,,,,,,,,,,,,,,,,,,,,,,,,,,,,,7,1,1,1,0,,,,
17,4,6,Mystic Arcanum (9th level),http://www.dnd5eapi.co/api/features/395,,,,,,217,Warlock,http://www.dnd5eapi.co/api/classes/warlock,http://www.dnd5eapi.co/api/classes/warlock/level/17,,,4,14,0,0,0,0,4,0,0,0,0,,,,,,,,,,,,,,,,,,,,,,,,,,,,,,,,,,,,,,,,,,,,,,,7,1,1,1,1,,,,
18,4,6,Choose: Additional Eldritch Invocation,http://www.dnd5eapi.co/api/features/396,,,,,,218,Warlock,http://www.dnd5eapi.co/api/classes/warlock,http://www.dnd5eapi.co/api/classes/warlock/level/18,,,4,14,0,0,0,0,4,0,0,0,0,,,,,,,,,,,,,,,,,,,,,,,,,,,,,,,,,,,,,,,,,,,,,,,8,1,1,1,1,,,,
19,5,6,Ability Score Improvement 6,http://www.dnd5eapi.co/api/features/397,,,,,,219,Warlock,http://www.dnd5eapi.co/api/classes/warlock,http://www.dnd5eapi.co/api/classes/warlock/level/19,,,4,15,0,0,0,0,4,0,0,0,0,,,,,,,,,,,,,,,,,,,,,,,,,,,,,,,,,,,,,,,,,,,,,,,8,1,1,1,1,,,,
20,5,6,Eldritch Master,http://www.dnd5eapi.co/api/features/398,Choose: Additional Eldritch Invocation,http://www.dnd5eapi.co/api/features/399,,,,220,Warlock,http://www.dnd5eapi.co/api/classes/warlock,http://www.dnd5eapi.co/api/classes/warlock/level/20,,,4,15,0,0,0,0,4,0,0,0,0,,,,,,,,,,,,,,,,,,,,,,,,,,,,,,,,,,,,,,,,,,,,,,,8,1,1,1,1,,,,
1,0,2,Spellcasting,http://www.dnd5eapi.co/api/features/393,Arcane Recovery,http://www.dnd5eapi.co/api/features/394,,,,221,Wizard,http://www.dnd5eapi.co/api/classes/wizard,http://www.dnd5eapi.co/api/classes/wizard/level/1,,,3,,2,0,0,0,0,0,0,0,0,,,,,,,,,,,,,,,,,,,,,,,,,,,,,,,,,,,,,,,,,,,,,,,,,,,,1,,,
2,0,2,Arcane Tradition,http://www.dnd5eapi.co/api/features/395,,,,,,222,Wizard,http://www.dnd5eapi.co/api/classes/wizard,http://www.dnd5eapi.co/api/classes/wizard/level/2,,,3,,3,0,0,0,0,0,0,0,0,,,,,,,,,,,,,,,,,,,,,,,,,,,,,,,,,,,,,,,,,,,,,,,,,,,,1,,,
3,0,2,,,,,,,,223,Wizard,http://www.dnd5eapi.co/api/classes/wizard,http://www.dnd5eapi.co/api/classes/wizard/level/3,,,3,,4,2,0,0,0,0,0,0,0,,,,,,,,,,,,,,,,,,,,,,,,,,,,,,,,,,,,,,,,,,,,,,,,,,,,2,,,
4,1,2,Ability Score Improvement 1,http://www.dnd5eapi.co/api/features/398,,,,,,224,Wizard,http://www.dnd5eapi.co/api/classes/wizard,http://www.dnd5eapi.co/api/classes/wizard/level/4,,,4,,4,3,0,0,0,0,0,0,0,,,,,,,,,,,,,,,,,,,,,,,,,,,,,,,,,,,,,,,,,,,,,,,,,,,,2,,,
5,1,3,,,,,,,,225,Wizard,http://www.dnd5eapi.co/api/classes/wizard,http://www.dnd5eapi.co/api/classes/wizard/level/5,,,4,,4,3,2,0,0,0,0,0,0,,,,,,,,,,,,,,,,,,,,,,,,,,,,,,,,,,,,,,,,,,,,,,,,,,,,3,,,
6,1,3,,,,,,,,226,Wizard,http://www.dnd5eapi.co/api/classes/wizard,http://www.dnd5eapi.co/api/classes/wizard/level/6,,,4,,4,3,3,0,0,0,0,0,0,,,,,,,,,,,,,,,,,,,,,,,,,,,,,,,,,,,,,,,,,,,,,,,,,,,,3,,,
7,1,3,,,,,,,,227,Wizard,http://www.dnd5eapi.co/api/classes/wizard,http://www.dnd5eapi.co/api/classes/wizard/level/7,,,4,,4,3,3,1,0,0,0,0,0,,,,,,,,,,,,,,,,,,,,,,,,,,,,,,,,,,,,,,,,,,,,,,,,,,,,4,,,
8,2,3,Ability Score Improvement 2,http://www.dnd5eapi.co/api/features/400,,,,,,228,Wizard,http://www.dnd5eapi.co/api/classes/wizard,http://www.dnd5eapi.co/api/classes/wizard/level/8,,,4,,4,3,3,2,0,0,0,0,0,,,,,,,,,,,,,,,,,,,,,,,,,,,,,,,,,,,,,,,,,,,,,,,,,,,,4,,,
9,2,4,,,,,,,,229,Wizard,http://www.dnd5eapi.co/api/classes/wizard,http://www.dnd5eapi.co/api/classes/wizard/level/9,,,4,,4,3,3,3,1,0,0,0,0,,,,,,,,,,,,,,,,,,,,,,,,,,,,,,,,,,,,,,,,,,,,,,,,,,,,5,,,
10,2,4,,,,,,,,230,Wizard,http://www.dnd5eapi.co/api/classes/wizard,http://www.dnd5eapi.co/api/classes/wizard/level/10,,,5,,4,3,3,3,2,0,0,0,0,,,,,,,,,,,,,,,,,,,,,,,,,,,,,,,,,,,,,,,,,,,,,,,,,,,,5,,,
11,2,4,,,,,,,,231,Wizard,http://www.dnd5eapi.co/api/classes/wizard,http://www.dnd5eapi.co/api/classes/wizard/level/11,,,5,,4,3,3,3,2,1,0,0,0,,,,,,,,,,,,,,,,,,,,,,,,,,,,,,,,,,,,,,,,,,,,,,,,,,,,6,,,
12,3,4,Ability Score Improvement 3,http://www.dnd5eapi.co/api/features/402,,,,,,232,Wizard,http://www.dnd5eapi.co/api/classes/wizard,http://www.dnd5eapi.co/api/classes/wizard/level/12,,,5,,4,3,3,3,2,1,0,0,0,,,,,,,,,,,,,,,,,,,,,,,,,,,,,,,,,,,,,,,,,,,,,,,,,,,,6,,,
13,3,5,,,,,,,,233,Wizard,http://www.dnd5eapi.co/api/classes/wizard,http://www.dnd5eapi.co/api/classes/wizard/level/13,,,5,,4,3,3,3,2,1,1,0,0,,,,,,,,,,,,,,,,,,,,,,,,,,,,,,,,,,,,,,,,,,,,,,,,,,,,7,,,
14,3,5,,,,,,,,234,Wizard,http://www.dnd5eapi.co/api/classes/wizard,http://www.dnd5eapi.co/api/classes/wizard/level/14,,,5,,4,3,3,3,2,1,1,0,0,,,,,,,,,,,,,,,,,,,,,,,,,,,,,,,,,,,,,,,,,,,,,,,,,,,,7,,,
15,3,5,,,,,,,,235,Wizard,http://www.dnd5eapi.co/api/classes/wizard,http://www.dnd5eapi.co/api/classes/wizard/level/15,,,5,,4,3,3,3,2,1,1,1,0,,,,,,,,,,,,,,,,,,,,,,,,,,,,,,,,,,,,,,,,,,,,,,,,,,,,8,,,
16,4,5,Ability Score Improvement 4,http://www.dnd5eapi.co/api/features/404,,,,,,236,Wizard,http://www.dnd5eapi.co/api/classes/wizard,http://www.dnd5eapi.co/api/classes/wizard/level/16,,,5,,4,3,3,3,2,1,1,1,0,,,,,,,,,,,,,,,,,,,,,,,,,,,,,,,,,,,,,,,,,,,,,,,,,,,,8,,,
17,4,6,,,,,,,,237,Wizard,http://www.dnd5eapi.co/api/classes/wizard,http://www.dnd5eapi.co/api/classes/wizard/level/17,,,5,,4,3,3,3,2,1,1,1,1,,,,,,,,,,,,,,,,,,,,,,,,,,,,,,,,,,,,,,,,,,,,,,,,,,,,9,,,
18,4,6,Spell Mastery,http://www.dnd5eapi.co/api/features/405,,,,,,238,Wizard,http://www.dnd5eapi.co/api/classes/wizard,http://www.dnd5eapi.co/api/classes/wizard/level/18,,,5,,4,3,3,3,3,1,1,1,1,,,,,,,,,,,,,,,,,,,,,,,,,,,,,,,,,,,,,,,,,,,,,,,,,,,,9,,,
19,5,6,Ability Score Improvement 5,http://www.dnd5eapi.co/api/features/406,,,,,,239,Wizard,http://www.dnd5eapi.co/api/classes/wizard,http://www.dnd5eapi.co/api/classes/wizard/level/19,,,5,,4,3,3,3,3,2,1,1,1,,,,,,,,,,,,,,,,,,,,,,,,,,,,,,,,,,,,,,,,,,,,,,,,,,,,10,,,
20,5,6,Signature Spell,http://www.dnd5eapi.co/api/features/407,,,,,,240,Wizard,http://www.dnd5eapi.co/api/classes/wizard,http://www.dnd5eapi.co/api/classes/wizard/level/20,,,5,,4,3,3,3,3,2,2,1,1,,,,,,,,,,,,,,,,,,,,,,,,,,,,,,,,,,,,,,,,,,,,,,,,,,,,10,,,
3,,,Primal Path,http://www.dnd5eapi.co/api/features/5,Frenzy,http://www.dnd5eapi.co/api/features/6,,,,241,Barbarian,http://www.dnd5eapi.co/api/classes/barbarian,http://www.dnd5eapi.co/api/subclasses/berserker/level/3,,,,,,,,,,,,,,,,,,,,,,,,,,,,,,,,,,,,,,,,,,,,,,,,,,,,,,,,,,,,,,,,,,Berserker,http://www.dnd5eapi.co/api/subclasses/1,
6,,,Mindless Rage,http://www.dnd5eapi.co/api/features/10,,,,,,242,Barbarian,http://www.dnd5eapi.co/api/classes/barbarian,http://www.dnd5eapi.co/api/subclasses/berserker/level/6,,,,,,,,,,,,,,,,,,,,,,,,,,,,,,,,,,,,,,,,,,,,,,,,,,,,,,,,,,,,,,,,,,Berserker,http://www.dnd5eapi.co/api/subclasses/1,
10,,,Intimidating Presence,http://www.dnd5eapi.co/api/features/14,,,,,,243,Barbarian,http://www.dnd5eapi.co/api/classes/barbarian,http://www.dnd5eapi.co/api/subclasses/berserker/level/10,,,,,,,,,,,,,,,,,,,,,,,,,,,,,,,,,,,,,,,,,,,,,,,,,,,,,,,,,,,,,,,,,,Berserker,http://www.dnd5eapi.co/api/subclasses/1,
14,,,Retaliation,http://www.dnd5eapi.co/api/features/18,,,,,,244,Barbarian,http://www.dnd5eapi.co/api/classes/barbarian,http://www.dnd5eapi.co/api/subclasses/berserker/level/14,,,,,,,,,,,,,,,,,,,,,,,,,,,,,,,,,,,,,,,,,,,,,,,,,,,,,,,,,,,,,,,,,,Berserker,http://www.dnd5eapi.co/api/subclasses/1,
3,,,Bonus Proficiencies,http://www.dnd5eapi.co/api/features/30,Cutting Words,http://www.dnd5eapi.co/api/features/31,,,,245,Bard,http://www.dnd5eapi.co/api/classes/bard,http://www.dnd5eapi.co/api/subclasses/lore/level/3,,,,,,,,,,,,,,,,,,,,,,,,,,,,,,,,,,,,,,,,,,,,,,,,,,,,,,,,,,,,,,,,,,Lore,http://www.dnd5eapi.co/api/subclasses/lore,0
6,,,Additional Magical Secrets,http://www.dnd5eapi.co/api/features/55,,,,,,246,Bard,http://www.dnd5eapi.co/api/classes/bard,http://www.dnd5eapi.co/api/subclasses/lore/level/6,,,,,,,,,,,,,,,,,,,,,,,,,,,,,,,,,,,,,,,,,,,,,,,,,,,,,,,,,,,,,,,,,,Lore,http://www.dnd5eapi.co/api/subclasses/lore,3
14,,,Peerless Skill,http://www.dnd5eapi.co/api/features/64,,,,,,247,Bard,http://www.dnd5eapi.co/api/classes/bard,http://www.dnd5eapi.co/api/subclasses/lore/level/14,,,,,,,,,,,,,,,,,,,,,,,,,,,,,,,,,,,,,,,,,,,,,,,,,,,,,,,,,,,,,,,,,,Lore,http://www.dnd5eapi.co/api/subclasses/lore,3
